CustomerID,Age,Gender,Location,IncomeLevel,SignupDate,TotalTransactions,TotalAmountSpent,IsHighSpender,TotalInteractions,EngagementPerTransaction,HighValueCustomer
0009fdd2-ae63-45ca-8d5b-d0ea98381f7b,21.0,Female,Lake George,Low,2020-11-09,2,779.38,0,2,1.0,0
00c15eff-8bcf-4d12-a5d4-992e45e3309f,31.0,Male,Lovefurt,Low,2022-03-16,4,1730.1599999999999,0,4,1.0,0
00d4fbfe-5ce0-4d87-a307-b15801d1373e,18.0,Female,Port Howard,High,2022-10-31,2,709.0999999999999,0,2,1.0,0
00e3c219-db57-4ed2-bc50-99a18fea33a7,52.0,Female,Clementsberg,Low,2023-08-26,1,399.57,0,1,1.0,0
010c57b4-d6aa-44ef-9e92-d00ce9bbc28b,66.0,Female,Lake Mackenzie,Low,2023-03-19,2,466.84,0,2,1.0,0
01264132-b542-471e-ba65-038975091843,56.0,Male,South Rebecca,Medium,2023-10-30,2,779.34,0,2,1.0,0
015006df-480b-4c0d-9a6a-550691817c48,31.0,Female,Vanessaville,High,2021-08-07,2,1391.03,0,2,1.0,0
0156ef90-c829-4e9e-8fec-8634e8ff3c54,60.0,Female,Port Adam,High,2019-12-28,1,496.625,0,1,1.0,0
018be1fd-e482-4d3d-87b9-a425ae35c5a1,21.0,Male,Kevinstad,Low,2022-07-17,2,1253.5,0,2,1.0,0
020b3cac-9f2f-4d73-b078-c94099d75240,18.0,Male,Toddtown,Low,2019-12-22,1,393.86,0,1,1.0,0
02b1b8cb-bc72-4ca5-af51-05e16bab084b,34.0,Male,Port William,Medium,2022-10-18,1,496.625,0,1,1.0,0
02b325b3-f763-47f0-8454-d8cb65fa1832,58.0,Female,Port Christinahaven,Medium,2021-10-03,3,1266.69,0,3,1.0,0
0305625f-6264-4666-ad6c-ae34df05d0d8,32.0,Female,Port Annshire,Medium,2024-06-08,3,1756.63,0,3,1.0,0
030c85eb-9872-47e3-83ca-0ac4af613294,66.0,Male,Alexandriamouth,Low,2021-01-31,3,975.48,0,3,1.0,0
0319aa2f-f571-4a05-8947-bd9c7e4ac2ee,54.0,Male,Michaelberg,High,2024-01-17,3,1602.1799999999998,0,3,1.0,0
0340d565-36b4-4d28-9619-7899512b31b8,62.0,Female,Nguyenton,Low,2022-04-26,3,1809.1799999999998,0,3,1.0,0
03d6d674-5310-4a05-ab0b-8cfedc46a1ab,29.0,Female,Hoganmouth,Medium,2023-02-01,2,1588.5,0,2,1.0,0
045ab4a7-5793-4f93-bb9a-8becd4e20422,22.0,Female,Arielburgh,Low,2024-06-22,2,289.34,0,2,1.0,0
04b0cd53-29ca-48ef-b4b7-9520a2939288,22.0,Male,Andrewborough,Low,2020-12-27,2,1406.525,0,2,1.0,0
04ebb683-0818-4b58-a724-8cd1c7114830,45.0,Male,North Sarahside,Medium,2022-01-11,1,496.625,0,1,1.0,0
05abacfa-de8a-4606-a35d-7487ed7554c7,56.0,Female,South Tammy,Medium,2023-01-22,2,1557.4099999999999,0,2,1.0,0
05e09646-040f-425a-b5b3-d6f113e0c75b,65.0,Female,Doylehaven,Medium,2024-03-01,2,940.72,0,2,1.0,0
060cfd42-8d99-4264-aa27-e8d0b537e207,70.0,Female,South Alexandertown,High,2022-07-11,2,1967.58,0,2,1.0,0
06125b2b-549c-4bee-9724-c03f0aa58dbb,43.0,Male,Stewartport,High,2023-03-03,1,535.56,0,1,1.0,0
06af0246-5f53-45f4-997e-bf42706b11d7,53.0,Male,Stevenberg,Unknown,2022-11-25,1,635.7,0,1,1.0,0
06b260b8-1286-4b47-8bfe-54d8501f1a62,45.0,Female,Stevensonchester,High,2024-06-19,1,517.37,0,1,1.0,0
06d90ad7-f0cd-411b-8dc6-2b3132fe42d8,54.0,Male,Hardymouth,Medium,2020-05-03,8,2312.52,0,8,1.0,0
0731634f-5209-42eb-9671-8f0cddf22eec,28.0,Male,South Kristen,High,2021-10-27,2,1318.94,0,2,1.0,0
073c6562-9889-4347-9102-98422192068a,30.0,Female,West Rebeccamouth,High,2023-02-16,2,1628.78,0,2,1.0,0
07546534-fcd9-4a32-8a9d-49027e807494,40.0,Male,Jeffersonbury,Low,2020-05-14,1,180.62,0,1,1.0,0
0773c2a4-9485-40ba-b6a5-645cd15d9837,55.0,Female,Williamshaven,High,2022-07-19,3,540.21,0,3,1.0,0
077936e6-6556-434f-9494-e5d671b6e71c,65.0,Female,Bryantside,High,2019-11-09,2,298.75,0,2,1.0,0
0779c97d-f4e4-4774-b1a5-deff552434a3,42.0,Female,Smithberg,Medium,2020-12-24,1,127.37,0,1,1.0,0
07e5ffc3-0402-45ea-9b53-a75abaec9222,49.0,Female,Starkfort,Medium,2019-10-25,1,349.47,0,1,1.0,0
07ea2879-d2f9-49ab-935b-d5d2e21ca816,45.0,Male,New Brittanyberg,Medium,2019-09-21,1,633.91,0,1,1.0,0
080ff643-1def-4438-ad98-62cff0ce5b53,69.0,Male,West Rebeccastad,Medium,2020-09-20,1,950.97,0,1,1.0,0
0835b6e3-f10e-4a8d-8d11-e64445faed2f,34.0,Male,Jessicachester,Low,2019-07-24,4,2865.88,0,4,1.0,0
083a0272-f1ab-46c6-a612-966ff1837635,35.0,Female,Villarrealstad,High,2019-11-29,2,1572.26,0,2,1.0,0
084a89ee-5eee-48c0-b30b-53da89258015,45.0,Male,East Nicholaston,Low,2023-01-13,3,697.89,0,3,1.0,0
086370e7-8884-47d7-89b0-776401a43e1c,53.0,Female,Port Jesseside,Medium,2024-04-19,3,1691.97,0,3,1.0,0
0865a620-9ff4-46ec-9f14-7efdd071a041,19.0,Female,West Sandraberg,High,2022-10-19,3,1075.1599999999999,0,3,1.0,0
088dbb34-9520-43fb-abe3-244083f14b93,40.0,Female,Lake Kevin,Medium,2020-01-25,1,895.93,0,1,1.0,0
089bd09a-4241-4fa4-905d-425bfc36b78a,50.0,Male,Lake Jake,Medium,2023-03-16,2,1130.94,0,2,1.0,0
08dd80d5-e63f-4618-be5f-161de25625a8,28.0,Male,South Stephenville,Low,2024-06-07,1,781.26,0,1,1.0,0
09db9681-6875-42ce-bdf3-b9cc13a8eb54,64.0,Male,Lake Greg,Unknown,2020-10-01,2,1585.1,0,2,1.0,0
0a21cfa0-fa4d-45f6-8236-4995799bc0cc,38.0,Female,Donnaport,Medium,2023-10-25,4,2906.58,0,4,1.0,0
0a5270eb-ff97-4072-a9f0-2203be2469a4,44.0,Female,East Zachary,High,2023-12-10,2,170.9,0,2,1.0,0
0a610e96-95c5-439b-9804-e19af5aad6ff,37.0,Female,New Amy,Low,2020-12-26,4,1573.74,0,4,1.0,0
0a8833e5-9e7f-4a7b-94a8-216a46821d46,62.0,Female,Cookberg,High,2022-01-27,1,64.28,0,1,1.0,0
0ab0e741-f4ad-4d82-92c4-b5055b5c5549,26.0,Male,South Robertberg,Unknown,2019-07-14,4,1602.72,0,4,1.0,0
0ad25f2c-6c04-4af7-8672-475375387a4d,62.0,Male,Lake Victoriaside,Medium,2023-06-21,6,2888.72,0,6,1.0,0
0ade20e2-a4ff-40d2-b1b2-b8a04ee94c35,45.0,Female,South Michael,Medium,2023-11-22,2,1639.1999999999998,0,2,1.0,0
0b4b34dc-3ae8-4943-9f47-f27482de26a9,58.0,Male,Maryborough,Low,2019-10-15,2,550.54,0,2,1.0,0
0b568a94-a069-4bde-b8a9-201fdf3ab299,43.0,Male,Marcushaven,Low,2020-09-30,3,1364.25,0,3,1.0,0
0b78455d-7ecd-41c3-953b-4c883ce336f1,26.0,Male,Lake Crystal,Medium,2022-09-11,3,1975.1399999999999,0,3,1.0,0
0c4b59d3-f907-4240-8849-6d592af9f7f6,62.0,Male,Michaeltown,High,2020-12-05,2,1603.29,0,2,1.0,0
0c68dabb-b818-43bf-96de-e0b384ace943,54.0,Male,North Samuelborough,High,2024-01-08,2,1480.025,0,2,1.0,0
0cb9ffd9-da09-4b10-8e1d-60d84889933b,69.0,Female,West Andrea,High,2023-06-02,2,1918.76,0,2,1.0,0
0cd3b70a-d36f-4a0d-bdef-8d689345b33b,40.0,Female,Lake Brendamouth,Low,2023-01-01,1,354.19,0,1,1.0,0
0cf376d6-ab2a-468b-a290-4b28ffafe6f2,53.0,Female,Josephside,Medium,2022-10-18,2,589.3199999999999,0,2,1.0,0
0d27c7ac-346c-454f-b37d-75fddef246ad,43.0,Male,Webbfurt,Medium,2024-01-12,1,849.55,0,1,1.0,0
0d54a00f-7e0e-45e3-804d-5a43044cfa0b,35.0,Male,North Mary,Medium,2023-10-18,1,847.98,0,1,1.0,0
0e663785-6555-49a9-ac34-ea04406b1ba5,65.0,Male,Lake Kristen,Low,2021-02-23,2,1142.09,0,2,1.0,0
0e744af0-f183-499b-adb5-76ff753745e3,70.0,Male,New Timothyton,Unknown,2020-09-20,2,1060.29,0,2,1.0,0
0ece51e3-e19f-4a06-8f1a-43d7a4e4cbe9,41.0,Female,Allenfort,Medium,2023-09-04,3,1020.225,0,3,1.0,0
0ef84cc6-0b4c-4c56-bdaa-d6b725ccc08e,40.0,Male,Lisaside,Medium,2022-07-23,1,108.3,0,1,1.0,0
0f1eca8b-186d-45c6-8d42-460958fe4fd0,48.0,Male,Gomezchester,High,2021-04-25,1,680.03,0,1,1.0,0
0f5a8d28-2ddd-497a-a2e0-74a80c165a91,46.0,Female,Josephburgh,Low,2020-11-27,1,496.625,0,1,1.0,0
0f70d4f1-a4ae-46da-ace0-376023462fe3,65.0,Male,East Johnport,High,2020-02-07,1,496.625,0,1,1.0,0
0fb0bd8b-df5e-4029-be1f-b861d1ded562,30.0,Female,Hopkinstown,Low,2020-06-24,4,1825.92,0,4,1.0,0
1019ccad-cf57-45a4-935a-55a717cb0b19,61.0,Male,Lake Walterfort,Low,2019-11-06,2,1980.21,1,2,1.0,0
1028c9f7-f42a-425c-8250-292131378975,54.0,Male,Port Cynthiachester,High,2021-12-22,1,446.36,0,1,1.0,0
1044f1f4-cce8-4bcb-9615-150b05a3cf5e,57.0,Male,Hallburgh,Medium,2020-02-10,2,1117.205,0,2,1.0,0
105cb802-0866-4111-bd51-75f58598eb73,46.0,Male,Suzanneberg,Medium,2019-10-19,2,1025.66,0,2,1.0,0
10b5f508-60ed-4894-9d2d-f0150493849f,45.0,Male,Mcguireville,Low,2023-05-13,2,739.58,0,2,1.0,0
10bf4b6a-7435-4251-9b86-01d9c4b75a3c,45.0,Female,North Bryanborough,High,2022-10-30,1,271.97,0,1,1.0,0
113007f8-af2b-4c35-8396-b01ba2f41762,48.0,Male,Barbaraside,Low,2024-02-06,3,2937.57,0,3,1.0,0
1161ea51-6692-436a-961e-19526aa76f84,68.0,Female,Danaton,High,2020-09-03,1,811.04,0,1,1.0,0
11b046f0-b091-4bfb-b0f4-df58bfea039a,34.0,Female,East Antonio,Unknown,2021-12-29,2,738.88,0,2,1.0,0
12150cc9-4e95-4d2f-b47d-62914f0929ba,45.0,Male,North Meganton,High,2022-04-27,1,102.77,0,1,1.0,0
1223fb41-781f-4bbe-95ee-cfc4163ff736,70.0,Female,New Michaelchester,Medium,2019-07-25,2,1927.86,0,2,1.0,0
126a19e5-9bad-49df-a564-60ddf3c6afa6,45.0,Female,Powersmouth,High,2021-04-13,4,2246.8199999999997,0,4,1.0,0
12dc6fed-c847-4040-93a1-dd00eb7ccbc0,34.0,Female,South James,High,2021-03-12,6,3061.59,0,6,1.0,0
12e1aa2d-57e7-44de-af86-e71a42574c51,39.0,Male,Mirandamouth,High,2021-06-22,2,1343.835,0,2,1.0,0
131e14c8-65bb-4559-9016-d0a0c4fc64e9,21.0,Male,West Tracyburgh,Low,2020-09-22,4,3846.84,0,4,1.0,0
137362fe-5ca3-4d01-806d-8c4d1f7b29aa,45.0,Male,Nicolebury,High,2024-04-23,2,1095.56,0,2,1.0,0
13c73f2c-056e-40c6-a61f-97d5790c504a,26.0,Male,West Joshuaville,Medium,2024-05-22,1,300.09,0,1,1.0,0
142d2fe3-3958-433b-a163-3899040ab178,35.0,Male,Port Michelle,Medium,2022-03-29,4,3225.52,0,4,1.0,0
14845984-5bef-45d5-9c6a-daf55f287206,56.0,Female,South Colton,Medium,2022-11-06,4,1914.4,0,4,1.0,0
148b854a-0393-4c10-9762-be68ee86ae9e,49.0,Male,Catherinebury,Low,2021-03-28,1,266.47,0,1,1.0,0
14a794f8-2099-4aee-97e4-bdd3899994c6,65.0,Female,Port Kathleen,Medium,2021-10-17,4,1855.315,0,4,1.0,0
153e984c-d96b-4749-b0b5-ca0f7490a048,65.0,Female,Lake Christianmouth,High,2020-02-20,4,1775.1599999999999,0,4,1.0,0
1559b55b-9653-4992-90d5-8819bd5466ef,69.0,Female,South Madison,Medium,2023-08-17,2,747.57,0,2,1.0,0
15d4ef39-45ae-443e-866c-ce025234f154,43.0,Female,New Shaunburgh,High,2022-11-18,1,357.46,0,1,1.0,0
15e129b7-48ba-4b37-8ba4-703745e17019,61.0,Male,Christopherchester,Medium,2019-09-05,2,815.4000000000001,0,2,1.0,0
160f25a7-ed0b-4471-a260-1f0fcade1217,37.0,Female,Gardnershire,High,2019-11-17,1,249.78,0,1,1.0,0
16120901-738d-417e-a271-6aaf0d6caa83,48.0,Female,Port Jaimestad,Low,2024-05-03,3,1778.8500000000001,0,3,1.0,0
1662e025-dc0e-4ab0-8728-cb90e85bfdeb,18.0,Female,Rosarioside,Low,2024-04-11,3,108.63,0,3,1.0,0
167f3b4b-5ad6-4fe0-a51d-8f1c52cbee27,40.0,Female,South Tinaberg,Low,2021-02-11,1,71.07,0,1,1.0,0
16d0b561-279d-4da9-9aa8-8c5906dff79a,57.0,Male,West William,High,2022-12-10,2,1414.48,0,2,1.0,0
172a04cf-2db8-4c96-9c93-ea123cb44279,65.0,Male,Burkebury,High,2024-05-24,3,2286.9,0,3,1.0,0
1756838b-8368-4852-b4a5-32a23643a3dd,26.0,Male,North Ian,High,2024-04-13,2,634.14,0,2,1.0,0
17b835af-f4c8-414c-a611-0441d5485734,27.0,Male,East Patriciamouth,Low,2024-02-12,1,736.07,0,1,1.0,0
17bf453d-4dd4-4055-b398-940a4b52edfa,42.0,Female,Garciaberg,Low,2021-06-16,4,3150.4,0,4,1.0,0
1861b233-7abc-4e26-9aef-481ee3da9ae1,29.0,Female,Paynechester,Medium,2021-04-12,2,1962.27,1,2,1.0,0
18b3ff1d-ad70-4064-8d66-743289d65204,37.0,Male,South Alyssa,Unknown,2022-01-23,3,1552.3500000000001,0,3,1.0,0
18c03691-9a7c-4711-81f8-01d06c1cae4b,57.0,Female,New Scott,High,2022-10-06,2,528.74,0,2,1.0,0
18e0f708-ed9b-4902-ad9d-968209ce021b,70.0,Female,Davidstad,Low,2022-07-28,2,859.52,0,2,1.0,0
1938b05f-14b1-4bda-bedf-24863003259e,45.0,Male,Donnachester,Medium,2022-08-29,6,2877.96,0,6,1.0,0
19b49713-09a6-48a7-a032-8c2a0cc3812e,34.0,Male,New Alexstad,High,2020-04-23,1,199.48,0,1,1.0,0
1a103b87-f903-40de-8615-fdb7a50db074,43.0,Female,Charlesbury,High,2021-02-07,2,1076.19,0,2,1.0,0
1a132210-8646-4516-b340-f5339ab0064b,34.0,Male,Harperhaven,High,2022-09-04,1,500.83,0,1,1.0,0
1a5115af-2fa7-4198-b838-be2cdeccb768,68.0,Female,Taylorberg,High,2021-09-01,1,843.36,0,1,1.0,0
1afc1e60-be41-4f45-9ff1-73f28d0dbdc9,50.0,Male,Wesleyville,Low,2023-06-19,1,280.38,0,1,1.0,0
1b29367c-428f-41aa-9402-760cd7c74306,45.0,Female,Randallview,High,2023-03-13,1,496.625,0,1,1.0,0
1b6db98a-776e-4370-9d8c-f77a5ccc26c6,64.0,Female,Carterview,High,2021-03-30,2,1025.2,0,2,1.0,0
1bc7f7da-3a8f-4df1-a411-c7c1d9a794fe,45.0,Female,West Erica,Medium,2020-12-10,2,949.8599999999999,0,2,1.0,0
1bdeb580-975a-42df-8248-fbb7d027d23e,57.0,Female,Kimberg,High,2023-02-14,1,797.61,0,1,1.0,0
1c0a6902-727d-4b3a-9019-ff8a4e6779cf,26.0,Male,North Rebeccafort,Medium,2024-05-12,2,158.95999999999998,0,2,1.0,0
1c4c3ec8-256e-4c2c-bed6-cf5e97e076de,45.0,Male,New Amber,Low,2023-04-10,1,737.9,0,1,1.0,0
1c77cb4b-2e79-4201-90a2-f9794dd4328e,35.0,Male,South Brianville,Medium,2021-08-26,2,118.12,0,2,1.0,0
1cc636ba-e6ea-44c6-a056-0de95dce9831,45.0,Female,Saraton,Medium,2021-09-23,4,1561.16,0,4,1.0,0
1ccb71e6-8f53-423f-808d-a2023aa0c5a8,53.0,Male,West Elizabeth,Medium,2021-11-21,2,754.18,0,2,1.0,0
1d26a8ed-88ca-4806-9ec1-7db7ee6a748f,32.0,Female,East Cindy,Unknown,2020-01-25,4,567.8199999999999,0,4,1.0,0
1d5d2c59-f092-48ce-a2cd-168199412a6c,69.0,Female,Leonardfort,Medium,2020-04-13,2,1155.91,0,2,1.0,0
1d623917-5083-4420-99bf-79b1816e881a,25.0,Female,Port Jonathan,Medium,2023-01-23,2,865.66,0,2,1.0,0
1d9db6f8-33f1-4b28-87a6-20504dd4ac20,39.0,Male,New Michaelton,Medium,2021-01-22,1,241.94,0,1,1.0,0
1e061351-11f3-470c-905f-60f244516c43,20.0,Female,Sarahbury,Low,2023-02-28,2,1552.64,0,2,1.0,0
1e30c651-0b58-4e94-af1b-91f790c46422,58.0,Female,East Edwardborough,High,2024-03-29,1,60.05,0,1,1.0,0
1e66b466-e10c-48a8-a1a8-b1f7c963d0dd,45.0,Female,New Alexis,Medium,2024-02-28,4,1688.3000000000002,0,4,1.0,0
1e7ce035-2593-485c-8039-02a933537b70,59.0,Male,Russellmouth,Medium,2024-02-01,2,1014.15,0,2,1.0,0
1e9e7dcb-e612-46d3-bae6-0c2f47fa0220,44.0,Female,Brianmouth,Medium,2022-07-28,1,496.625,0,1,1.0,0
1ed01bef-384d-4c8b-a672-7c292860d7c1,18.0,Female,Port Adam,High,2020-09-22,1,503.86,0,1,1.0,0
1ee3bb5f-94ab-451d-89bb-9f1180ed009d,25.0,Female,Wrightfort,High,2020-06-16,6,1028.49,0,6,1.0,0
1f0f2c2d-eb0a-4ffb-a21a-684f892bd7fd,59.0,Female,Vegafort,High,2022-04-28,1,673.93,0,1,1.0,0
1f31b312-f00d-46ba-a83b-586ebeabc72c,19.0,Female,New Elizabethfort,High,2021-01-12,3,2048.91,0,3,1.0,0
1f5c50db-9c55-4bbc-8a93-c7994a7bb3d3,61.0,Male,Matthewville,Medium,2021-08-08,2,993.25,0,2,1.0,0
1fbbc3ad-d48f-4e64-9ef7-4e58277af29a,60.0,Male,West Jasonview,High,2024-04-20,3,1489.875,0,3,1.0,0
1fde298f-1904-4dff-a59e-15640c89c519,47.0,Female,West Joseph,Unknown,2022-03-03,3,1432.1399999999999,0,3,1.0,0
1fe699a4-99b9-4787-99ec-27d49fe60a14,43.0,Male,Johnshire,Low,2019-09-15,2,636.36,0,2,1.0,0
209e0eab-c6a2-42b4-96a7-d13b8191ff41,45.0,Male,South Kaylaville,Low,2022-05-23,3,1108.9499999999998,0,3,1.0,0
20bfca97-9a3c-4e4d-894b-ba1870281072,52.0,Male,Desireechester,Low,2024-02-23,2,881.18,0,2,1.0,0
20cf5d25-bcb2-4574-98b8-2f11d28ec2a0,26.0,Female,Port Jasonstad,Low,2020-07-27,4,1775.6799999999998,0,4,1.0,0
20f360d6-65c8-4295-98f7-282d3a089d77,43.0,Female,Nicholasview,Medium,2024-05-15,1,954.22,0,1,1.0,0
210a1b9d-b708-4071-b600-46a1df62bfde,44.0,Female,Kristinmouth,High,2019-07-27,3,1938.63,0,3,1.0,0
2130fd89-6ba4-4f36-bb90-2327cf27d0d6,69.0,Female,Rossburgh,Low,2023-03-05,1,0.0,0,1,1.0,0
2172c7bf-0780-46ea-b512-112eff96c8c9,25.0,Female,Moniquefort,High,2021-07-25,2,1598.49,0,2,1.0,0
22e1b1a5-34cf-4022-9313-484145b714ab,45.0,Female,Martinstad,Low,2023-11-30,3,186.78,0,3,1.0,0
23222ac5-f9b0-4eb9-928f-2c17cac9ffbc,53.0,Male,Gregoryfurt,Unknown,2024-05-10,1,545.96,0,1,1.0,0
23b20ba3-dc64-48b2-9263-391c044bfe4f,42.0,Female,West Grantfort,Medium,2019-12-16,4,2046.22,0,4,1.0,0
23c9a49a-62de-4659-8a96-8e0313f04cad,65.0,Female,Martinezshire,Low,2019-09-29,2,1923.38,0,2,1.0,0
243a5ccd-31c3-440d-a3ad-73d3972dd39d,45.0,Female,New Larry,Unknown,2019-10-12,2,1973.34,0,2,1.0,0
243b28fa-f273-42e7-90c7-7885be2a8b62,50.0,Female,East Kaitlynton,Unknown,2023-02-25,3,2035.08,0,3,1.0,0
246eb688-f74c-4d53-a327-8d444a2fcd62,28.0,Male,North Billbury,Medium,2023-12-26,2,709.4,0,2,1.0,0
24884bac-7030-408b-b834-203c963e5f30,62.0,Female,South Angelachester,Medium,2021-05-18,2,368.81,0,2,1.0,0
24b043e8-6fca-4d86-95a8-837e0ca09072,46.0,Female,New Ann,High,2022-03-01,6,2749.77,0,6,1.0,0
24fce394-c68e-4c04-b884-393a6662dad7,50.0,Male,Kimberlyview,High,2020-04-01,2,1827.02,0,2,1.0,0
25283b2b-4273-48ea-b92c-fa8866f06d97,32.0,Female,Marcusburgh,Low,2023-06-25,2,637.48,0,2,1.0,0
2529044c-e151-4f75-ac8f-ad9febf25ac5,53.0,Male,Jessicachester,High,2019-07-27,2,1152.22,0,2,1.0,0
253fa70f-a41b-40c0-8958-37f3b5e204e0,23.0,Female,Stephenstad,Low,2020-10-29,4,2381.38,0,4,1.0,0
2595b6ef-fefb-4725-821d-bf18ef364499,34.0,Male,Rushchester,Medium,2020-10-02,1,34.25,0,1,1.0,0
25feddf4-42a5-47b9-8b95-ba74f0c0ea9b,18.0,Male,Lake Tina,Low,2024-03-28,3,2047.2599999999998,0,3,1.0,0
262adfc3-44ae-442d-a213-2d3eb9e668a3,18.0,Female,New Sean,High,2020-03-15,6,3115.27,0,6,1.0,0
26731b9b-4666-4a73-9d31-723dc46be09f,55.0,Female,Schneiderview,High,2021-07-28,1,387.02,0,1,1.0,0
267bca9f-cc78-499d-9f07-a52a638c5d8c,45.0,Male,New Markfurt,High,2020-10-01,2,1657.19,0,2,1.0,0
26a40f69-7707-465d-8455-583546cd02d4,48.0,Male,South Veronica,Low,2023-03-04,1,880.89,0,1,1.0,0
26ffdfbc-43b8-4a9b-b23d-0e029dbbeea1,26.0,Male,Lake Ashleyberg,Unknown,2022-11-13,1,496.625,0,1,1.0,0
270506ea-c72f-4926-a9f4-e29ea53adb9f,48.0,Female,Dawnfort,Low,2020-03-08,2,1093.4,0,2,1.0,0
273597c1-d519-4ce1-bf81-f8027e85f8e9,45.0,Male,East Regina,Unknown,2023-01-23,1,127.64,0,1,1.0,0
279f267c-0ce8-4bc5-9cdd-d62c39547afa,39.0,Female,Rebeccatown,High,2021-05-29,1,203.7,0,1,1.0,0
28b0afc0-0a86-49fa-a9a8-be081b13a34e,32.0,Female,North Danielborough,High,2023-12-17,1,153.74,0,1,1.0,0
28c29c18-0cbe-40ea-b218-a96430cc4409,31.0,Female,South Kristen,High,2022-12-10,4,1275.01,0,4,1.0,0
28dad012-b308-4cd7-b60f-edb22f8a6022,33.0,Female,New Kylefurt,Medium,2022-12-23,1,63.04,0,1,1.0,0
2914da6c-c083-47d2-8e78-f26c44cbc042,57.0,Female,Jasonview,Medium,2020-01-04,1,513.31,0,1,1.0,0
29436bcf-d6f8-44d1-a856-0794abb562ab,68.0,Female,New Fred,Low,2021-09-01,2,1734.92,0,2,1.0,0
299beb50-d10d-461f-bdd5-4083a4e3cc9b,28.0,Female,North Kristintown,Unknown,2022-01-31,1,994.59,1,1,1.0,0
29b0d097-a024-4afe-9b54-cce47df42f6c,65.0,Female,Port Thomas,Low,2024-06-10,1,278.73,0,1,1.0,0
29ce6245-1cd1-491d-a68c-33bd56b6bc16,63.0,Male,Mendozaton,Medium,2019-12-17,1,861.95,0,1,1.0,0
29e33b63-81fe-4687-a132-06d0a5e6668c,67.0,Male,Nicholsfort,High,2020-05-06,1,333.31,0,1,1.0,0
2a36ba73-e710-4a2f-8d90-2cbe1831e30f,25.0,Female,Tinaville,Low,2020-05-12,1,323.04,0,1,1.0,0
2a8b0748-3a77-47ec-a6e9-c8c191b39d62,64.0,Male,Amyside,Medium,2022-07-11,4,2266.38,0,4,1.0,0
2bab13d7-b642-4ac3-88ba-1c026fce0836,57.0,Female,East Julieberg,High,2020-12-09,1,561.7,0,1,1.0,0
2bde4c68-1f79-42cf-879c-a2b1a42f87ed,39.0,Male,Lake Melissa,Medium,2020-01-21,3,2091.13,0,3,1.0,0
2be2a985-68f6-42b1-95a8-768c5c661980,44.0,Female,Lake Keith,Medium,2019-12-11,4,1722.82,0,4,1.0,0
2bf45bb4-ff28-4e6c-9f90-d749c6b45221,48.0,Male,Fernandeztown,Medium,2021-01-25,1,560.45,0,1,1.0,0
2d71443b-57dd-4422-89b1-57ade9d5002d,46.0,Male,Marymouth,High,2021-11-28,1,434.75,0,1,1.0,0
2d76d24b-3693-4802-8014-9ea47fb95597,24.0,Male,Mcdanielburgh,High,2024-06-03,3,1874.2,0,3,1.0,0
2da3a384-4f08-4048-871b-a1acfe7d7c59,70.0,Male,East Kimberly,High,2019-09-07,6,5535.3,1,6,1.0,0
2da6af33-03ca-4206-9735-eaa16ed458d9,55.0,Female,South Bethany,Medium,2022-05-14,8,4772.16,0,8,1.0,0
2dc4607e-012f-42ce-bcbe-2508d828cf4c,32.0,Male,Josephside,High,2022-04-19,1,496.625,0,1,1.0,0
2dcb9523-356b-40b2-a67b-1f27797de261,57.0,Male,East Anna,Low,2023-02-21,2,775.48,0,2,1.0,0
2de49c7c-32ae-4ba8-b058-622a090d7094,53.0,Female,Emilyville,Low,2022-02-13,9,4165.094999999999,0,9,1.0,0
2eb6a3f0-488a-44d3-a260-86da1b289ce0,49.0,Male,Bryantburgh,High,2022-02-12,1,962.4,0,1,1.0,0
2f61e9ec-bd83-49dd-a0c4-2eae5f4ef41d,45.0,Female,North Jonathan,High,2023-05-03,2,1325.76,0,2,1.0,0
2fb831c7-4ce9-435b-959d-3f69e179a6bf,50.0,Female,East Jeffrey,Medium,2023-07-21,6,2153.4,0,6,1.0,0
306b1117-5749-4c99-bde1-62b0c65307a6,67.0,Female,Jacobsville,Medium,2019-08-16,2,1942.82,0,2,1.0,0
3086bbcb-41c0-445c-bb8a-9ae2d41a307b,43.0,Male,New Tammyberg,High,2020-05-04,2,166.26,0,2,1.0,0
30c722ab-be73-43a8-80bb-545ce0e564b3,67.0,Male,New Luischester,Medium,2023-07-29,3,168.99,0,3,1.0,0
30dc519a-a52c-465c-8678-8110e7bd13ed,37.0,Male,Port Brandonmouth,High,2022-08-20,2,1330.155,0,2,1.0,0
30fbbfed-bf48-475b-8057-2f27f7c343af,62.0,Female,Bowmanburgh,High,2021-03-16,1,625.41,0,1,1.0,0
3120d699-c28f-4de7-afba-adceae29c1c5,37.0,Male,West Catherineshire,High,2024-02-25,2,1123.1,0,2,1.0,0
3152d2c4-69d8-4986-9a29-5fecd49149b5,59.0,Female,New Dianeberg,High,2021-07-04,2,1109.795,0,2,1.0,0
318b3d11-6e23-47e2-a20a-9ec272db6123,30.0,Female,New Jesse,Medium,2019-09-29,1,204.43,0,1,1.0,0
31a64c59-e32d-4d9c-ba9c-f308acd78daf,34.0,Female,East Michaelfurt,High,2021-06-19,3,1489.875,0,3,1.0,0
321acf6c-c401-4f7b-9835-bfb7cd5e48ff,64.0,Male,Mooreville,Medium,2023-09-05,4,1328.93,0,4,1.0,0
321adc94-8a35-4998-bc17-0cacc00988f4,28.0,Female,West Amyland,Low,2021-03-29,4,1986.5,0,4,1.0,0
3225bbb4-c47c-44b8-aea8-6cca20b50892,50.0,Female,Lake Gabriel,Low,2020-06-20,2,1085.71,0,2,1.0,0
322d552c-3a57-48dc-bfff-7804e35ab734,61.0,Male,West Harold,Low,2020-10-10,2,531.56,0,2,1.0,0
325613bb-4024-4737-902e-cd9faf933cfa,20.0,Male,Port Anna,High,2023-08-16,1,852.03,0,1,1.0,0
328e739a-ddac-4661-97aa-76b8ee47e373,31.0,Female,Port Calvinbury,High,2022-12-22,1,843.37,0,1,1.0,0
32ac26c6-b07d-4ac9-b659-f36459af6337,54.0,Female,Michaelborough,Low,2023-10-05,2,225.68,0,2,1.0,0
32ae4542-77b0-4a2c-90c9-63b08e717945,37.0,Male,Brianshire,High,2022-08-27,4,2877.01,0,4,1.0,0
32c30314-8914-4cdc-8dbf-3101b123784c,33.0,Male,Williamton,High,2019-10-03,3,1229.08,0,3,1.0,0
32cef811-93ec-48b4-9fa5-e1174156e8cc,19.0,Male,Jimenezhaven,Low,2024-06-20,4,1649.75,0,4,1.0,0
32ea36b7-323e-451a-8b46-7c3540e03d4d,63.0,Male,East Traci,Low,2024-06-11,4,3047.84,0,4,1.0,0
330e4d26-da21-4713-be96-6698554f276a,41.0,Female,Bellfurt,Medium,2020-11-09,1,801.87,0,1,1.0,0
331aa308-0011-4df0-80c8-83768817c3fd,50.0,Male,East Seanhaven,High,2023-07-15,1,678.08,0,1,1.0,0
3341229f-34c8-44d8-9800-6f383b9843ee,51.0,Female,Port Jamie,Unknown,2021-09-02,1,197.69,0,1,1.0,0
3341628f-8548-4ae7-9000-ec20c5973e5a,45.0,Female,Stacybury,Medium,2022-08-08,1,237.79,0,1,1.0,0
347222c1-9766-4ae8-9263-4e509359b409,38.0,Female,West Richardbury,Low,2021-06-27,1,462.41,0,1,1.0,0
34878e84-afed-4cb1-a969-08a070c6be85,20.0,Male,Kingbury,High,2022-09-15,2,837.08,0,2,1.0,0
34e3f558-622e-4d6b-8d5d-07ab632e1b95,51.0,Male,Port Tiffany,High,2021-05-22,2,698.005,0,2,1.0,0
35434af3-775f-4360-82fb-972481aefd54,28.0,Female,Davidland,Low,2020-07-31,1,205.13,0,1,1.0,0
35dc485e-ab21-430b-87b0-b09dab982f99,38.0,Male,Woodbury,Medium,2021-02-07,1,373.99,0,1,1.0,0
35e934cf-39b9-4b4d-9b2d-c9a4c40b3c88,63.0,Male,Burkeshire,High,2021-07-20,3,838.21,0,3,1.0,0
3609a9ad-d526-44a5-96ec-7ba7accfd866,26.0,Female,East Jerryland,High,2020-11-23,1,252.38,0,1,1.0,0
3641a6cf-cc5f-4ad3-85f7-9d1ea1ad4935,41.0,Male,Campbellberg,Low,2024-01-06,6,3761.88,0,6,1.0,0
36ad6220-666d-4a38-8fe6-96956bf3b36e,49.0,Female,Jonathanhaven,Unknown,2021-09-10,2,259.62,0,2,1.0,0
36bc83c7-adc6-45b8-960d-685e9d19661e,32.0,Female,New Annafort,Medium,2020-01-21,2,1298.28,0,2,1.0,0
37709633-2fac-4ab7-b420-8420cbdd4bdb,42.0,Female,Sanchezfort,Medium,2023-03-07,2,1019.31,0,2,1.0,0
378542a7-dd80-4639-b411-6a2fd45e9852,66.0,Male,Coxmouth,Unknown,2019-11-13,2,629.755,0,2,1.0,0
3794861b-66fe-4d3d-a796-fdbfb9eadd97,45.0,Female,North Annabury,Medium,2022-12-27,1,496.625,0,1,1.0,0
37a8ee69-e419-4e15-a2dd-215b57b3ba67,64.0,Female,Port Stephanie,High,2021-06-22,9,5557.71,0,9,1.0,0
37b09c72-123a-4c67-9e52-1c2ec42d101d,47.0,Male,Lake Sarahmouth,Unknown,2020-01-06,2,1906.46,0,2,1.0,0
37c2adef-c273-4da9-a16b-a542116416cf,40.0,Female,New Christopherside,Medium,2024-01-13,4,1890.75,0,4,1.0,0
3828c289-6aa1-41e0-94d4-10d24539c9de,58.0,Male,Andrewstad,Medium,2024-05-04,1,209.34,0,1,1.0,0
39974820-20fa-436e-a5c3-581d43b00d63,39.0,Male,East Geraldview,Low,2024-03-29,1,189.04,0,1,1.0,0
39c6e7d2-6c4b-44c0-8961-ddc1ecbdb0c6,70.0,Male,Andrewsmouth,Low,2023-02-28,3,2052.25,1,3,1.0,0
39ce1776-9aac-4b0b-81ca-5a10e9b4c98b,52.0,Male,Powellport,Medium,2019-11-18,1,219.05,0,1,1.0,0
39ff9fd0-cd8d-4f6d-9ee1-982ffabe382b,33.0,Female,Englishbury,Low,2020-11-16,1,409.94,0,1,1.0,0
3a204a5c-66e7-44fe-b1b7-6ca40fb677b5,58.0,Female,Meganville,Low,2021-08-15,2,1633.36,0,2,1.0,0
3a37d39f-9c74-4ca1-987c-5ac5269b13a3,42.0,Female,East Vanessa,Medium,2020-04-12,1,661.27,0,1,1.0,0
3ab99bb9-92d4-45c1-adfc-ec3eec038b87,28.0,Female,Port Robertland,High,2024-04-06,2,1630.77,0,2,1.0,0
3b32ed47-3244-4a99-812d-71a70d88434b,51.0,Male,Jonesview,Medium,2023-02-23,2,665.92,0,2,1.0,0
3c0a3687-a1aa-421e-b671-9e4f859c56e4,44.0,Male,South Barbaramouth,Medium,2020-05-07,2,1495.78,0,2,1.0,0
3c0eae54-dde8-4291-95d3-f8dfb98c475a,62.0,Female,Williamshaven,High,2022-02-10,2,993.25,0,2,1.0,0
3c14e099-dc0a-4772-ae2d-524e33d81033,20.0,Female,New Billyview,Low,2020-10-03,3,815.55,0,3,1.0,0
3c4cd76a-57cf-4db4-820e-545a075fa640,45.0,Male,North William,Medium,2021-01-28,1,724.35,0,1,1.0,0
3c7fde22-eebd-4669-860a-e4b5574e4158,51.0,Male,Burnsmouth,Medium,2019-08-18,2,1044.38,0,2,1.0,0
3cdced98-055c-4037-a0a5-5f01cbc707b9,58.0,Female,New Anthony,Medium,2023-12-10,1,188.02,0,1,1.0,0
3cff3ced-315b-413b-9c0b-99bae1c5f85d,20.0,Female,Markport,High,2023-09-03,8,4414.8,0,8,1.0,0
3d0312c8-80bf-4eeb-91fe-cb842be19ca4,42.0,Female,Huffmanmouth,Unknown,2022-09-27,3,1045.5,0,3,1.0,0
3d8408ab-60f2-465f-a112-d6b7747c4a4a,37.0,Male,Warrenstad,Low,2020-07-03,2,1700.73,0,2,1.0,0
3d8f2b47-49b7-4ece-bcd9-614437744907,68.0,Female,Reedshire,High,2021-10-02,2,1264.32,0,2,1.0,0
3d921b43-7411-4048-a294-c1f40ff81a30,21.0,Female,Melindastad,High,2023-01-31,3,2042.245,0,3,1.0,0
3daeb50a-a388-44a7-8aa8-0cde8a0c1947,39.0,Male,West Trevor,Low,2022-11-24,2,435.68,0,2,1.0,0
3e3228a0-0d67-4e2a-aa10-7e68395e7fab,18.0,Male,Port Eric,Medium,2020-11-27,2,1473.835,0,2,1.0,0
3e44871b-f56c-4576-b1ca-d1dc999e2166,40.0,Female,Porterport,Unknown,2020-09-03,1,423.94,0,1,1.0,0
3e6a326a-f09b-47a2-8d24-3f69ac0a119c,45.0,Female,West Thomasbury,Medium,2022-09-14,3,409.43999999999994,0,3,1.0,0
3e9cc599-ba23-4de3-9c18-19a2ce4764e0,45.0,Male,New Jesse,Low,2019-11-03,2,767.03,0,2,1.0,0
3ea377e6-1156-457e-8b4e-71fa6663e6bf,43.0,Female,Bradyport,Low,2021-10-04,1,766.97,0,1,1.0,0
3fbd3807-6610-4588-aa7f-fba7baaf308e,45.0,Female,East James,High,2020-07-27,2,1649.0,0,2,1.0,0
3ff07f9f-8d50-442d-b5b7-0d84510af6be,45.0,Female,Lake Lindseychester,Medium,2023-10-12,1,618.79,0,1,1.0,0
401302a0-2748-49f3-bf78-d778d21d4cc7,23.0,Female,Vasquezburgh,Medium,2020-08-15,2,627.54,0,2,1.0,0
40135fcf-ed9d-475b-a435-5b20b108e1f5,38.0,Male,Lake Charlotteville,Medium,2020-10-04,1,825.73,0,1,1.0,0
404f9aca-5c0b-484f-a4ec-65ef1b401718,48.0,Female,Farleyville,Low,2024-01-17,6,2430.84,0,6,1.0,0
409c8d3d-63e6-4280-a699-91933c1eee73,63.0,Female,Jaredberg,High,2023-04-08,6,1915.83,0,6,1.0,0
409d7d69-e0b1-4493-8b23-100fb9518966,64.0,Female,Bradleyborough,Low,2023-03-11,2,1689.46,0,2,1.0,0
40d70488-aa98-4c83-8e41-b30adb59c2a4,34.0,Female,New Robert,Medium,2023-08-07,2,1330.02,0,2,1.0,0
40f2fc46-f4cf-4987-ac84-73e500fcb521,49.0,Male,New Chelsea,Low,2019-08-30,6,1925.44,0,6,1.0,0
40f5a5dd-a46f-4a5e-8c0f-fe04389ddec8,45.0,Female,Mariaberg,High,2024-02-18,2,1180.8899999999999,0,2,1.0,0
411c2202-f939-4b1f-bdd3-7eb0257bd14a,69.0,Female,Lake Katherine,High,2021-11-07,3,970.0500000000001,0,3,1.0,0
41515dfb-2748-4294-af0e-530898e03af9,57.0,Female,Port Jeffrey,Medium,2023-05-11,3,2169.84,0,3,1.0,0
41846ddf-f6d1-40ef-952b-652f8904d6ee,70.0,Female,Diazmouth,Medium,2021-04-27,4,3375.84,0,4,1.0,0
4191897f-b537-46fe-a409-e47fcbafbd5b,31.0,Female,South Alicia,High,2024-04-26,1,577.77,0,1,1.0,0
41a1f2b8-4685-4f0e-a1ac-09fd44234559,53.0,Male,Port Elizabeth,High,2021-12-24,2,406.33000000000004,0,2,1.0,0
41a70349-bf97-44b7-8d7e-f71d8ba581ef,57.0,Male,Keithton,Low,2024-03-14,2,788.16,0,2,1.0,0
41d08007-2bf4-470f-ad2d-97a972abced6,52.0,Female,South Melissa,High,2021-02-23,2,992.52,0,2,1.0,0
420a3a2a-1ac8-46ed-9009-30c3a0e75a3b,23.0,Male,West Chelsea,Medium,2020-08-23,2,88.16,0,2,1.0,0
4231fa1b-073c-4bf2-94d6-22dd9dd33929,24.0,Male,Port Pamelaton,Low,2023-06-17,2,520.965,0,2,1.0,0
42557c76-96c9-4961-9b7b-3e1e8e7857da,18.0,Male,North Christopher,Medium,2022-05-12,4,977.04,0,4,1.0,0
428c1b00-d1dc-4d9a-b4e0-60d112f3352b,60.0,Male,Williammouth,Medium,2019-11-11,2,1190.86,0,2,1.0,0
429afb4b-99cc-4a38-8f43-9187a3e02ecc,61.0,Male,East Charles,Low,2022-06-10,2,1837.99,1,2,1.0,0
42c67723-2085-4d2e-b237-fbfdfbdf9f3f,31.0,Male,Emilyville,Unknown,2020-07-24,3,1164.73,0,3,1.0,0
42da3b26-e9c9-4676-938d-4486bfc38ab6,19.0,Male,Wilsonside,High,2022-03-26,1,73.42,0,1,1.0,0
42f52b1e-bedb-4294-8039-7b08c1be1662,23.0,Female,South Jenniferfurt,High,2022-03-19,2,993.25,0,2,1.0,0
432b84c8-05c8-4609-b8f7-a0c298fb8f23,26.0,Female,Gregoryton,High,2021-07-14,2,1556.58,0,2,1.0,0
43872b6a-ac3f-4119-9531-a148e6893eb3,33.0,Female,Wisechester,Low,2021-03-02,2,1872.76,0,2,1.0,0
43d5ecb1-2850-45a0-b765-cec175e0030a,29.0,Female,Greenebury,High,2022-10-31,1,496.625,0,1,1.0,0
44351274-c7c0-46f5-9c30-7b1fc22b590e,25.0,Male,Beckshire,High,2023-06-05,1,325.09,0,1,1.0,0
454e8612-79c8-4ef6-96d8-c369d6f50825,64.0,Female,East Sandraport,Low,2020-03-21,3,2953.3500000000004,0,3,1.0,0
4605103f-9b58-43c8-baf9-73abfb2c0441,37.0,Female,Hooverport,High,2022-12-18,3,867.48,0,3,1.0,0
4622bc80-2db4-4f97-95cd-8f8e4c970f9d,59.0,Male,Hurstville,Medium,2021-08-05,1,826.54,0,1,1.0,0
46471751-46b7-42f9-afbf-a02412e647ee,20.0,Male,East Charlesburgh,Medium,2022-04-23,1,793.0,0,1,1.0,0
4657dc86-a2ed-469b-b3f8-44bb3d08ab9c,38.0,Male,Lake Kaitlin,High,2020-09-28,1,992.33,1,1,1.0,0
46e97136-3a44-4567-a58c-a434c0b3821f,58.0,Female,Marcusland,Low,2019-09-08,1,891.12,0,1,1.0,0
4702d3fc-a279-41fc-a3e1-9a643f76d8c6,46.0,Female,East Lori,High,2024-01-17,1,289.95,0,1,1.0,0
471c3204-b4bb-4f9b-8b2c-29a2caa9e7da,45.0,Male,Michaelton,Low,2024-06-25,1,187.85,0,1,1.0,0
472dd3d5-946e-4c40-804d-110cc6faae1d,20.0,Female,New Charlesborough,Low,2022-09-12,2,1499.88,0,2,1.0,0
473f3b1f-2e0e-40a6-8917-b3aac5296a01,66.0,Female,Monicaborough,High,2020-07-01,12,5610.1050000000005,0,12,1.0,0
478f6102-4807-431b-8bc5-c7f535335571,39.0,Female,Jasonberg,Medium,2021-07-20,2,775.34,0,2,1.0,0
479399de-abf8-41c7-9568-e82c741e7bff,46.0,Female,Port Roberto,High,2021-01-25,8,3886.06,0,8,1.0,0
47ceaec3-7419-4dbe-9206-8452b16bb61e,62.0,Female,South Aaronshire,High,2021-10-09,1,155.44,0,1,1.0,0
481bcc62-9dcb-4766-bbdd-79f5554d73f8,31.0,Male,South Kelly,High,2023-09-24,4,1212.75,0,4,1.0,0
48313b18-ccdb-4946-b958-1ebfc92dcc2a,45.0,Male,South Andrea,High,2020-02-26,2,993.25,0,2,1.0,0
48b0fbc5-7de9-4720-9f39-6e820834dced,24.0,Male,South Natalie,Low,2023-03-29,2,1145.47,0,2,1.0,0
48beaec3-aa4c-408b-a03d-b8d321b5b153,46.0,Female,Lake Kristenmouth,High,2021-11-05,1,817.47,0,1,1.0,0
48dda5f7-bde2-4df3-9493-d13b38f67d6a,47.0,Female,Ericstad,Medium,2020-10-01,1,863.7,0,1,1.0,0
499713c5-04d9-4f79-bd77-0d0e94208cd8,55.0,Male,Martinezview,High,2020-09-27,6,2252.85,0,6,1.0,0
49e88aa3-3b35-4509-9a10-49f25f06b615,28.0,Female,East Aaronton,Unknown,2022-03-26,1,309.18,0,1,1.0,0
49f06ea9-4ae5-4ce5-98ce-d2c2f6f15cbd,42.0,Female,East Elizabeth,Low,2022-01-23,6,4030.565,0,6,1.0,0
4a5db138-8b0c-45dd-b686-0f90edd42c3d,48.0,Male,Wagnerborough,Unknown,2023-12-26,1,939.41,0,1,1.0,0
4a8ebbc3-f442-46ee-ae83-476b6767802c,59.0,Male,Paulside,High,2022-08-03,1,74.25,0,1,1.0,0
4add70a0-9c64-41d8-b32e-f7f1ea06706b,52.0,Male,Port Miguel,Medium,2020-08-26,8,4163.72,0,8,1.0,0
4b489d2f-44a2-4d1c-9792-2e4d392d7d74,56.0,Female,West Jeffreystad,High,2020-05-09,1,986.35,0,1,1.0,0
4bd40429-64f4-4702-8327-40195f8e362a,47.0,Female,Calvinton,Unknown,2019-10-06,1,866.03,0,1,1.0,0
4c15fab5-9db0-45c1-84e1-ec0829328556,34.0,Male,Scottville,High,2023-09-22,6,2560.005,0,6,1.0,0
4c891c44-2756-4119-bf66-00a767316458,35.0,Male,West Jeff,Medium,2019-09-11,1,956.7,0,1,1.0,0
4c95e2ed-ec52-41cd-8258-01910de21d71,70.0,Male,East Michaelville,Low,2024-06-03,2,468.64,0,2,1.0,0
4d24bcf2-5cbd-4f60-8ba5-4da86c72edf6,55.0,Male,Jenniferstad,Medium,2021-05-31,1,45.2,0,1,1.0,0
4d348827-d2bd-4303-99aa-97a2ce15563f,69.0,Female,Carrberg,High,2020-09-16,3,1702.1100000000001,0,3,1.0,0
4d6201bd-1955-4e6a-adec-a7afe7109977,57.0,Female,Port Georgeland,Low,2020-06-11,2,1548.82,0,2,1.0,0
4d866e12-9820-413c-a5f9-e3a95d8d82b0,36.0,Male,Barbarafurt,Low,2021-12-26,3,1044.04,0,3,1.0,0
4daabb30-a613-4170-bdb6-b79e45d9856b,44.0,Male,Gutierrezburgh,Low,2021-09-27,6,2989.98,0,6,1.0,0
4db786fb-341d-4ed2-b5d3-0e0b5f6dff9f,34.0,Female,Lake Laura,Low,2023-10-22,1,398.08,0,1,1.0,0
4deac5c0-5e2e-4794-9978-f25be68734a7,19.0,Male,West Chad,High,2021-02-08,1,978.26,0,1,1.0,0
4e50020d-aa1c-46b3-9821-63d7b69f58ba,58.0,Male,South Whitneymouth,Unknown,2021-11-04,1,526.54,0,1,1.0,0
4e5864a3-6386-4d03-a1db-1e24f50e0128,50.0,Male,South Williammouth,High,2020-06-11,1,202.5,0,1,1.0,0
4e5e8598-a3bb-4580-8c9f-a2ec0d98afc4,53.0,Female,Lake Spencerborough,Low,2023-12-01,4,2087.96,0,4,1.0,0
4ece241c-935a-4380-bda6-715cbae36f17,51.0,Female,New Glenn,Low,2022-08-17,1,681.84,0,1,1.0,0
4f6d0e26-dbf8-4abe-8b06-083acba71564,45.0,Female,Port Sabrina,Low,2022-02-12,10,4849.18,0,10,1.0,0
4f826eca-8187-4f86-bb0b-37338c896d50,31.0,Female,Claytonburgh,Low,2020-08-22,1,496.625,0,1,1.0,0
4fa0e136-dc82-4b63-b106-51c60fc5d47e,67.0,Female,Chenhaven,High,2021-05-02,1,910.13,0,1,1.0,0
5000dc5d-f0c7-456c-9603-e73c6835b085,55.0,Male,Washingtonmouth,High,2022-02-25,3,2145.63,0,3,1.0,0
509c0596-50f8-4e68-8204-ddf396e67862,55.0,Female,Carterchester,Medium,2020-06-10,4,1327.85,0,4,1.0,0
50b1a4f9-30de-4811-870a-0dbfb8285730,62.0,Male,Lake Luis,Medium,2020-09-29,1,804.83,0,1,1.0,0
50e95716-c5de-400c-b5cc-2b6566b7c931,27.0,Male,New Timothy,Low,2022-11-14,2,1045.8,0,2,1.0,0
51668fb4-bf4c-4030-8df0-ddc2263ec6ad,45.0,Male,Tanyaton,Medium,2021-08-23,6,3879.79,0,6,1.0,0
52303d17-9d24-4c20-89e3-7bcfa92140c9,45.0,Male,Spencermouth,Unknown,2022-06-25,3,1983.72,0,3,1.0,0
5295b804-fb7e-4dd4-bb76-a0e1a79841c1,45.0,Female,Velasquezmouth,Low,2021-04-06,2,1342.82,0,2,1.0,0
52eb500a-0511-4085-8e1b-b823b3fd5522,53.0,Female,Blankenshipport,High,2021-11-22,1,551.7,0,1,1.0,0
5304fc02-34ca-4162-9284-3b42e90f3bce,45.0,Male,Michaelhaven,Medium,2019-10-30,2,1502.08,0,2,1.0,0
53408519-26e0-465e-bd85-3da3424c147e,67.0,Female,Port Shannon,Unknown,2019-08-27,6,4427.505,0,6,1.0,0
5358a222-28b7-4c26-8d76-b9954e44079c,39.0,Female,Markland,Medium,2019-08-08,4,268.86,0,4,1.0,0
537e91d6-b4d5-4e04-8964-1ec4cf45dcdc,50.0,Female,Justinview,Medium,2021-01-10,1,329.56,0,1,1.0,0
539d2dcf-07c7-45c1-82b9-76b5bd380e8e,20.0,Male,Blackwelltown,Low,2020-08-24,2,646.73,0,2,1.0,0
541ecfee-22bb-4358-9f01-d5d372dc49e3,48.0,Female,Turnerton,Low,2021-12-01,1,296.58,0,1,1.0,0
54a1bbb2-9523-41a7-b8b5-9acd08f46da4,59.0,Female,South Jasontown,Low,2023-07-18,3,1489.875,0,3,1.0,0
54b3556e-e480-41a2-9dcd-7da1d91655aa,57.0,Male,East Betty,Medium,2024-06-08,6,2596.94,0,6,1.0,0
54b4e6a4-5bcb-4792-9791-2a2aa5e110ab,57.0,Female,Port James,High,2021-10-14,1,309.84,0,1,1.0,0
54f75d68-a8d8-4790-b65b-8937fd8f561b,49.0,Female,New Christina,Low,2024-04-26,4,1540.98,0,4,1.0,0
551a4700-bea6-4596-b371-48c0ee1b5bf0,36.0,Male,Jamesfurt,High,2023-03-04,4,2652.48,0,4,1.0,0
554a56a2-12f8-4e57-a08e-706b37aabb1f,55.0,Female,Warnerview,Low,2024-02-26,1,394.78,0,1,1.0,0
5624f059-b5dd-4734-879c-7fe8a0169e9c,68.0,Female,Michaelville,High,2019-12-16,2,731.31,0,2,1.0,0
56955d9a-88fc-4100-9d6b-1ba2eeca54e5,46.0,Male,New Granttown,High,2022-09-22,1,236.22,0,1,1.0,0
56a1a6d5-3e94-4e3f-aa56-2d6c0dcad380,57.0,Male,North Ashley,High,2021-01-15,2,896.96,0,2,1.0,0
56a5cf77-1afc-4911-8259-9293710ca596,19.0,Male,North Maria,Medium,2019-09-04,1,405.34,0,1,1.0,0
56fe3f0a-c1fe-4cfc-a986-658ebb6416e8,59.0,Female,North Joannechester,Low,2023-11-07,3,1113.94,0,3,1.0,0
570259d3-ecc5-4bc2-8154-51134d7944c7,70.0,Female,New Amandaport,High,2022-02-12,2,23.1,0,2,1.0,0
5711d1af-71f2-4b99-a965-3ffdc39d32c8,45.0,Male,Aaronton,Low,2023-07-31,4,1437.24,0,4,1.0,0
571620a3-d3b9-461c-8b8d-54ccfdfa1a49,37.0,Female,Hobbsburgh,High,2020-02-04,2,1907.76,0,2,1.0,0
5736efce-e87a-4e6d-a7b0-803d8aea3c75,51.0,Male,Stephaniemouth,Medium,2020-01-24,1,948.19,0,1,1.0,0
576d68cf-0bd0-40a8-8710-eee2c706f81e,42.0,Female,West Cynthiamouth,High,2020-06-30,1,683.65,0,1,1.0,0
577fcc56-95dc-443a-9289-d12614f5cea3,20.0,Male,New Andrew,Low,2023-03-28,12,4243.26,0,12,1.0,0
578f93c3-22af-4aa7-9eeb-35d1e0255e66,27.0,Male,Johnmouth,Low,2019-09-04,1,280.48,0,1,1.0,0
57949a01-31cd-4f78-b64c-392e0a74bd1f,45.0,Female,North Williamstad,High,2021-11-11,1,732.75,0,1,1.0,0
57bfa722-7e8f-402d-aaff-ba2b7034150a,27.0,Male,Hatfieldmouth,Low,2021-07-07,2,746.61,0,2,1.0,0
57d07b58-1c57-4f29-a180-459d7928dfc0,45.0,Female,New Elizabeth,High,2020-08-30,3,1702.3600000000001,0,3,1.0,0
57ed9f50-dca0-44b5-9d66-807135eccbee,18.0,Male,North Kylemouth,Unknown,2022-01-20,2,1260.7849999999999,0,2,1.0,0
580dd6e4-0598-4d7d-aef6-e6572e857e50,26.0,Male,New Johnnyton,Low,2021-07-07,2,311.41,0,2,1.0,0
581657eb-d7c0-478a-8b99-8cb33c01a4d2,50.0,Male,Lake Lisafurt,Low,2022-08-16,1,36.82,0,1,1.0,0
5819025b-3df7-4da6-a8bd-5d980e61c5a4,45.0,Female,Lake Miguelchester,High,2020-07-18,2,841.0550000000001,0,2,1.0,0
588c9d82-2e86-4652-92ce-35d99355e561,62.0,Female,Susanfort,Medium,2019-11-15,2,75.1,0,2,1.0,0
589eff22-1d5d-4138-8b42-ba0507aae51a,45.0,Male,Port Bradleyland,Unknown,2022-11-20,2,41.32,0,2,1.0,0
58ced86b-155c-45b1-96c4-92e39af3751e,53.0,Female,Sarahburgh,Medium,2024-01-05,1,642.99,0,1,1.0,0
58efacc2-449b-43b7-b0b1-eac8fc45e75e,65.0,Female,Grayberg,Medium,2024-05-31,1,267.06,0,1,1.0,0
592c60d1-2f03-42d4-aa26-ca11f9fd0e0f,56.0,Male,New James,Low,2020-09-22,6,2757.62,0,6,1.0,0
5956fb3e-5c6e-4c17-ab6a-99d5847768fb,68.0,Female,New Destiny,High,2024-02-02,2,693.74,0,2,1.0,0
59bf21c7-b292-4aa8-99c0-023d01d759ba,18.0,Male,Harrisborough,Medium,2021-09-09,2,682.16,0,2,1.0,0
59e1ccfe-8f67-4f2c-8e4c-f1483df35ae8,42.0,Male,East Stephanieland,High,2021-01-09,4,2324.65,0,4,1.0,0
59ea89e2-a155-4538-8981-9705c6f451ab,37.0,Male,Victorport,High,2020-07-21,2,836.9699999999999,0,2,1.0,0
5a0cec22-9828-4fa3-88ec-435606899c30,55.0,Male,Williamsmouth,Low,2019-09-29,3,2059.66,0,3,1.0,0
5ab01e3f-1356-4a51-a50e-028992187cba,46.0,Female,Victoriahaven,Medium,2021-10-22,1,781.84,0,1,1.0,0
5ada20b3-7201-47cb-b845-5bb258f7d233,20.0,Female,Brittanyton,Unknown,2020-11-09,1,559.81,0,1,1.0,0
5b926605-fa21-4bd0-aba5-1918d14c6bf8,22.0,Female,Lake Charles,Low,2023-10-31,1,930.71,0,1,1.0,0
5ba7a03b-0d2f-4fc3-bd36-7a675c1ac61e,45.0,Female,East Ryanchester,High,2021-02-18,2,1463.6799999999998,0,2,1.0,0
5be24c07-9b89-479a-ba96-5edb10b65b3d,63.0,Female,East Samuelland,Medium,2021-03-14,9,3425.7,0,9,1.0,0
5cea80e1-34e1-4474-806d-73710d8c86b6,23.0,Male,Benderburgh,Low,2023-05-12,4,2284.16,0,4,1.0,0
5dc8fbec-4149-4615-9ba8-d30bfacd7637,58.0,Male,West Lisa,Medium,2021-01-06,1,407.13,0,1,1.0,0
5dcc04f0-2300-4707-b737-82abb839b428,36.0,Female,North Morganmouth,Low,2023-01-04,3,1502.7649999999999,0,3,1.0,0
5dd3f3da-d9e7-4b28-afb0-30497d1f5014,42.0,Male,Tiffanyland,Low,2021-10-12,1,894.07,0,1,1.0,0
5dfe3352-ee78-4510-a968-9aba1dd940a2,55.0,Male,North Michael,High,2019-11-20,4,431.74,0,4,1.0,0
5e0088d4-e37f-4ce9-add7-cc4e056dd95f,25.0,Male,Kristietown,Low,2021-10-04,1,528.56,0,1,1.0,0
5e060e3f-1255-47e2-8a4c-22dc4a414c8c,70.0,Male,West Kenneth,Medium,2024-06-01,1,398.71,0,1,1.0,0
5edfab8a-fdac-4de4-92f0-2ca314b7fd59,53.0,Female,Peggyhaven,High,2021-11-04,2,656.23,0,2,1.0,0
5fb09cd8-a473-46f7-80bd-6e49cf509078,45.0,Female,Castilloport,High,2020-07-21,2,1953.76,0,2,1.0,0
60043349-aca0-4f92-987b-8888e8985f78,45.0,Female,West Bethville,High,2022-01-01,3,1691.1000000000001,0,3,1.0,0
6007c09a-d082-4218-9cdd-087ec3d24dec,43.0,Female,Garciaton,High,2019-08-16,1,554.59,0,1,1.0,0
6007e8e7-4c8a-4df0-b03a-e7afdb6684e2,58.0,Male,New Joshua,Medium,2020-07-21,1,486.67,0,1,1.0,0
603730a2-0f6d-4d3b-a760-39db03ab01f4,68.0,Male,Port Christinamouth,Low,2022-05-08,1,432.46,0,1,1.0,0
609434d3-ad06-4c8a-ac6b-ac61f71516e3,19.0,Male,Sanchezchester,Medium,2020-10-07,2,1581.01,1,2,1.0,0
60978a24-9522-4d96-8eed-a1ddb6cede08,58.0,Male,New Christopher,Unknown,2024-04-25,4,2424.2799999999997,1,4,1.0,0
60b4f94b-9fe0-4851-82ea-64d10af847b8,66.0,Male,Onealberg,Medium,2021-11-03,1,498.05,0,1,1.0,0
60e5552c-51f9-4d7a-b90d-5ac4a5e1756c,62.0,Male,Jamesside,Low,2022-02-16,2,1696.16,0,2,1.0,0
614379ce-8b7d-4c8d-8f71-8e8bf62066a4,45.0,Male,East Keithburgh,Medium,2020-12-26,1,943.59,0,1,1.0,0
6154b65e-fd07-4aa4-a275-18da9988709c,30.0,Female,Kellyfort,Medium,2021-08-13,1,539.87,0,1,1.0,0
61566b24-0de9-47bd-aadd-0650b9646191,35.0,Male,Hernandezshire,Low,2019-09-04,4,3498.36,0,4,1.0,0
618bb55c-2c9a-4e5c-ae8d-a79bc0754d75,25.0,Female,Port Debra,Unknown,2024-06-03,1,40.72,0,1,1.0,0
61adc65c-ddcd-43fc-85c4-9e8d60daeae3,57.0,Female,West Rebecca,High,2020-01-09,1,94.09,0,1,1.0,0
61c1b039-2d8b-4b9c-871c-9de253ea9edb,29.0,Male,Kendrachester,Low,2023-10-13,1,249.49,0,1,1.0,0
62569bed-8b56-46fb-8325-a8e8c062f34f,25.0,Female,Staceytown,Medium,2024-04-27,2,993.25,0,2,1.0,0
62a5ff3a-beb7-4c13-9c36-b5655a9f05b0,21.0,Male,North Heathershire,Unknown,2020-09-23,2,409.5,0,2,1.0,0
634e5e49-50a3-492e-9482-b2ff4820cd3e,52.0,Male,Carrieton,Medium,2024-02-29,1,238.12,0,1,1.0,0
636f22fc-4799-4fb0-8331-88b34e007c71,68.0,Female,Christineland,High,2019-09-07,1,569.73,0,1,1.0,0
63876e8d-32f5-429a-aee2-dc871d3a2a70,36.0,Male,Banksport,Medium,2020-01-14,2,1128.1200000000001,0,2,1.0,0
63a3c9cf-ac63-41a6-bf00-2f140f015fcd,55.0,Male,West Judithberg,Low,2020-08-13,1,496.625,0,1,1.0,0
63ee220c-19ae-4113-b45c-276b22b068e1,46.0,Male,Lake Traviston,High,2023-10-24,2,993.25,0,2,1.0,0
640e1c54-6ef2-45fe-9567-f0edab3c052e,30.0,Male,Melodytown,Low,2023-04-26,1,109.65,0,1,1.0,0
648dac00-686c-41c0-8d59-3bee7d3bd390,60.0,Male,West Anne,Unknown,2020-12-19,5,1053.1,0,5,1.0,0
648e2751-83d9-4720-a2cc-2f7ab8db97da,19.0,Female,East Jacqueline,High,2024-03-22,2,1352.74,0,2,1.0,0
6492040d-56f8-4c1a-bbe0-5b62fb39c65d,58.0,Male,Margarettown,Medium,2020-09-06,2,838.44,0,2,1.0,0
64b89b9e-1cf4-4b42-add8-94b7ec861f1a,66.0,Female,Mistyborough,High,2019-07-05,10,3401.65,0,10,1.0,0
64ddd43e-3235-4c30-a6f2-ee0ec01295f8,63.0,Male,Port Marktown,Medium,2021-09-16,2,831.735,0,2,1.0,0
6506a08f-8725-46af-8aaa-1b3c5c913d84,30.0,Female,Cunninghamstad,Medium,2022-12-27,4,359.48,0,4,1.0,0
6534afd4-bd7d-4e8c-a2e2-2986fc764bed,45.0,Male,Jimenezberg,Unknown,2022-03-08,1,496.625,0,1,1.0,0
6539c670-03a7-4f89-8fb2-8190024380cb,55.0,Male,Hendersonshire,Low,2022-01-16,1,551.13,0,1,1.0,0
658c09ee-ffab-4a46-b971-af23b5b5da0e,45.0,Female,Johnsonborough,High,2021-06-05,1,655.97,0,1,1.0,0
6596f49d-5c9f-4bcd-84a0-82d866b98314,26.0,Female,New Peterchester,High,2019-07-04,8,3151.8799999999997,0,8,1.0,0
65ebd3e8-3032-46c7-ae26-8fdcca6aae96,37.0,Female,Chadland,Medium,2024-04-07,4,2164.08,0,4,1.0,0
6601e9d6-7e18-48f9-ba38-71d0d9cb31cb,62.0,Male,South Chadmouth,High,2021-10-06,2,1432.175,0,2,1.0,0
6631a889-65d2-4588-9ed7-850c8b216f6d,22.0,Female,Warrenburgh,High,2021-03-26,1,597.83,0,1,1.0,0
663fe6ae-b359-49bc-841e-c3deb4a18083,35.0,Male,Williamsland,High,2021-08-10,2,606.52,0,2,1.0,0
66515d36-ce81-4765-b76c-9ee0eeb66c98,49.0,Female,Markchester,Unknown,2022-10-21,1,978.93,0,1,1.0,0
667b0a6e-53b8-476d-be5b-215bfe49f60b,43.0,Male,South Justinton,Low,2023-06-17,8,3978.1400000000003,0,8,1.0,0
6685f2fb-41e7-48e5-80d0-8da360b791f1,43.0,Male,South Ryanland,Medium,2021-02-04,1,496.625,0,1,1.0,0
66987651-e469-4fc4-a5ca-ed23c08959fb,34.0,Male,Martinezshire,Medium,2022-01-29,1,968.56,0,1,1.0,0
66e01489-30f2-4461-bd51-1a6713c7634b,39.0,Female,Lauriehaven,Low,2020-06-25,4,1723.19,0,4,1.0,0
6712eba4-a966-46a5-8f52-26f53054787d,57.0,Female,Ashleymouth,Medium,2021-11-15,1,12.67,0,1,1.0,0
675a23dc-8d6e-483a-b0ec-4dbcc6812db9,64.0,Female,West Vincent,Medium,2022-12-11,1,496.625,0,1,1.0,0
681db0ac-5b4d-416e-9bfc-dfd83a92f77b,55.0,Male,Collinsstad,Low,2020-12-20,3,1154.16,0,3,1.0,0
68479040-6691-495d-8ca9-122ec5010fb6,19.0,Female,Port Dawn,High,2020-11-09,1,138.67,0,1,1.0,0
686db601-0d7e-47bb-b291-bafccdd88579,45.0,Male,Port Donnachester,Medium,2022-12-29,2,993.25,0,2,1.0,0
68a177b8-97d6-4f8e-b9c3-d328f99ae6bc,45.0,Male,East Craigchester,High,2021-02-04,1,436.53,0,1,1.0,0
68afa4cc-e2d5-4150-b358-2e14e7508721,18.0,Female,South Zacharystad,Medium,2020-08-03,2,993.25,0,2,1.0,0
68b5a27d-980f-409d-9b64-acc242c86f8e,48.0,Male,West Annstad,High,2023-12-23,2,1272.0549999999998,0,2,1.0,0
6919c087-4f09-4b19-a5a3-962999f01640,45.0,Female,Port Tylerview,Low,2023-04-23,1,423.73,0,1,1.0,0
69392978-5c7e-4872-9058-2a4590c9247d,42.0,Female,Lake Lisa,High,2022-08-27,1,993.12,1,1,1.0,0
694564e4-e52a-41bc-b076-53100fb5b3cd,45.0,Male,West Erica,High,2024-06-09,3,2610.93,0,3,1.0,0
69b50dbe-3286-401f-abdf-65d98281db68,45.0,Female,Lake Zacharychester,Medium,2023-06-14,3,718.99,0,3,1.0,0
69c0971b-1c85-429a-aa61-496f9c0a4410,56.0,Male,Brendamouth,Medium,2024-03-12,2,1375.605,0,2,1.0,0
6a178ba8-e3a4-4458-8f8e-8e47314d1af2,45.0,Female,East Christopher,Low,2023-04-30,1,316.12,0,1,1.0,0
6a4fcf07-d4f6-44cf-9d47-ddae1917f808,42.0,Male,Baileyberg,High,2022-05-26,1,257.62,0,1,1.0,0
6a84f1a7-f636-4300-bd8d-c7f888460829,21.0,Female,East Marcushaven,Medium,2023-06-19,2,953.86,0,2,1.0,0
6ad843a9-9ca3-4835-a20c-6e81665594e6,62.0,Female,Coxhaven,Medium,2024-02-16,6,4587.3,0,6,1.0,0
6b18200b-0867-4746-887c-ce48371e772a,36.0,Male,Wongville,Medium,2022-08-27,1,816.15,0,1,1.0,0
6b2f8f03-ab9e-48a6-a07e-10e794b04fe0,65.0,Male,Lake Karen,Low,2023-04-04,8,5274.2,0,8,1.0,0
6b63bf58-e948-4fc5-aa41-727f7c044c97,45.0,Female,West Ashley,Low,2023-12-14,1,208.08,0,1,1.0,0
6ba4ab30-95f8-4f3d-a867-1150f8f86ab8,69.0,Male,West Janicemouth,Medium,2019-12-04,1,88.79,0,1,1.0,0
6bc3aaad-57cc-4fae-b57f-18faa88ce95b,61.0,Male,West Randall,Low,2019-11-08,2,624.49,0,2,1.0,0
6c78ab25-9895-4054-968d-0a5264ffa064,43.0,Female,West Evelynburgh,Low,2020-08-15,1,829.73,0,1,1.0,0
6cc1eaef-8496-4485-af7a-9812ccdac060,65.0,Male,East Danielview,Low,2023-02-25,8,2666.2799999999997,0,8,1.0,0
6cd7a734-a51d-4a11-ba1c-00c49d9a4490,45.0,Male,West Connie,High,2022-11-05,4,2662.54,0,4,1.0,0
6d1c4d81-a5b5-49d0-b19b-821b2da6ad21,70.0,Female,Guerraside,Low,2023-03-02,1,524.13,0,1,1.0,0
6d4afc8d-d844-46b8-b074-32c8c365a575,45.0,Female,Snyderstad,Unknown,2020-07-07,3,759.4200000000001,0,3,1.0,0
6d6a803c-8aa3-4555-8074-0f7aa01937bf,39.0,Male,Paulview,Low,2019-08-31,4,1034.76,0,4,1.0,0
6d8e562b-b51c-47b5-9ff9-18b624030aab,50.0,Male,Chadburgh,High,2022-05-17,2,1469.22,0,2,1.0,0
6d9b7c15-f813-4be6-8071-815990189894,30.0,Female,Torresview,Unknown,2019-08-13,3,1795.35,0,3,1.0,0
6db13c6e-a2bb-49ad-a464-502b5043aa88,23.0,Female,North Samuelhaven,Low,2022-12-17,3,1950.87,0,3,1.0,0
6dec1421-f6db-421e-851c-a98d5688392e,28.0,Female,Velazqueztown,Medium,2020-11-01,1,681.36,0,1,1.0,0
6df49541-947f-4657-8ec6-6a1a5d6f033d,18.0,Female,Pamelatown,Medium,2020-04-29,1,505.86,0,1,1.0,0
6dfdcd2e-3918-4dcd-b2bc-34cea11060be,25.0,Male,North Shirley,Low,2023-10-25,1,102.81,0,1,1.0,0
6e0b43fc-e01d-46b6-8a25-d21fff7ccbe1,52.0,Female,Wheelerburgh,High,2021-06-03,1,578.86,0,1,1.0,0
6e1feeab-c26b-4462-ae4c-77ff8d6e5b35,27.0,Female,Lanestad,Low,2022-05-10,2,550.39,0,2,1.0,0
6e24cce5-9d67-4e1e-8816-0b7f767f1362,36.0,Female,New Crystalberg,High,2019-07-31,1,85.05,0,1,1.0,0
6e3501d7-cca4-414b-9ae0-c02140179fbe,63.0,Male,Lopezmouth,Unknown,2023-05-19,2,1212.44,0,2,1.0,0
6e3e8eb8-bc0f-4ffe-9f74-5d5efec9502f,41.0,Female,Nicoleview,Medium,2021-11-15,3,1783.04,0,3,1.0,0
6e59ab74-2fb0-4ed5-9db4-fad5264d0631,54.0,Female,Sullivanburgh,Low,2021-04-15,2,993.25,0,2,1.0,0
6e6d3ec8-c559-4a2e-8776-bce30df9d14e,44.0,Male,Carolynville,High,2023-05-25,1,71.24,0,1,1.0,0
6e820fd4-83e9-41c3-8c2a-4c39b93d9a22,47.0,Female,West Eric,Low,2020-02-01,4,1576.99,0,4,1.0,0
6ee69819-b275-4409-93d0-b62be6a7146a,45.0,Male,Melodybury,Low,2019-07-12,4,1704.1399999999999,0,4,1.0,0
6fa635e0-d171-4413-a101-1b41e4831ce4,39.0,Male,Lake Lindafort,Medium,2021-05-23,4,1471.005,0,4,1.0,0
6fa9f01c-09f8-44fd-8e18-51ca4f3921bf,67.0,Male,West Justin,Medium,2022-05-11,2,993.25,0,2,1.0,0
70007468-df22-45f3-a51a-ada0a1357f88,44.0,Female,South Brittany,Medium,2023-03-02,3,1018.545,0,3,1.0,0
700a2326-efbc-4774-b564-0fe6ec9eb34b,57.0,Female,Michaelville,Medium,2020-08-02,2,1479.76,0,2,1.0,0
709c87f5-082b-4b18-a197-0d7d4e1588e3,63.0,Male,New Christopherville,Medium,2023-04-26,3,1854.5700000000002,0,3,1.0,0
70a64f68-8300-40b7-9d3e-932bf73ba7e1,45.0,Female,Rodriguezmouth,Unknown,2021-02-22,2,971.175,0,2,1.0,0
7120aefc-7d84-4981-b4ec-64e036fba72a,45.0,Female,Brownbury,Unknown,2023-10-01,2,530.33,0,2,1.0,0
71904c78-c815-499d-8289-88ae7c89883f,65.0,Male,West Melissa,Low,2024-04-04,4,2589.88,0,4,1.0,0
71d8ab24-0827-437d-a3cb-0abf7a81061d,26.0,Male,North Francesland,High,2024-01-21,5,2596.555,0,5,1.0,0
72622d98-45f7-4977-b6b9-052494b2d929,27.0,Male,Lewisfort,Medium,2023-04-13,2,1758.24,0,2,1.0,0
72aec0bd-fd32-472c-9b49-055bb88e33c6,47.0,Male,South Lindachester,Low,2020-02-26,2,1273.57,0,2,1.0,0
72c7cb40-0acb-4d2b-9677-2159706f0e6b,20.0,Female,Petersonbury,Medium,2022-10-11,4,2545.46,0,4,1.0,0
7335edae-4008-4386-ac65-f67b54eb40cb,45.0,Female,Michaelview,Unknown,2024-06-29,1,869.39,0,1,1.0,0
73406732-e0cc-4ae6-a03b-aed8ed40dbee,48.0,Female,North Natasha,High,2023-09-01,1,867.6,0,1,1.0,0
740d0a3a-23f3-4417-9357-f4f26a4c9a62,18.0,Female,Lake Andreaton,Medium,2023-03-11,1,703.75,0,1,1.0,0
74653505-85eb-4155-a90b-abe2b30179db,31.0,Female,East Williamfurt,Low,2024-03-28,2,55.2,0,2,1.0,0
74705e26-86f9-4ba5-ab58-f6dd42fa846b,25.0,Female,New Tim,High,2024-06-17,1,580.67,0,1,1.0,0
752b75e6-82bf-4f8d-9e9f-a46ebf4e7e03,61.0,Male,South Georgemouth,High,2021-07-24,2,703.065,0,2,1.0,0
75675707-f167-4964-ae1c-9081f3a8f775,36.0,Male,East Dakotaborough,Low,2022-08-05,2,1209.32,0,2,1.0,0
75e2b1f9-ea4e-4d40-8035-4c6447576b3f,44.0,Male,Port Richardshire,High,2019-07-08,2,652.28,0,2,1.0,0
76ae365e-7b45-4763-94ec-3f98ef127fd5,22.0,Female,Benjaminmouth,Unknown,2021-05-16,1,116.2,0,1,1.0,0
76c1d696-0f1c-44b5-b749-8859545658eb,45.0,Female,South Frankside,High,2020-05-14,4,3547.2,0,4,1.0,0
76d96f89-e423-4468-bd4c-5f20037bb251,68.0,Female,West David,Unknown,2022-04-29,4,3629.76,0,4,1.0,0
76f1f27d-869d-4a4c-9c90-0cfd08917e83,21.0,Female,South Sherryport,Low,2023-03-20,1,106.07,0,1,1.0,0
77c3b49d-52a7-4559-b53f-0b8e01476e12,34.0,Female,East Makaylabury,Low,2024-02-26,4,955.09,0,4,1.0,0
78002a64-8a6e-4d61-80a9-1bbf4c41ae76,46.0,Male,Port Holly,Low,2020-12-28,3,0.0,0,3,1.0,0
787f8b3b-f311-41be-822e-9fc9e203d945,44.0,Female,Aguilartown,Medium,2019-08-05,4,1449.13,0,4,1.0,0
7880b7a8-d348-4a4a-b939-6e6285a9d85c,68.0,Male,North Jennifer,Medium,2024-05-21,2,678.275,0,2,1.0,0
78959de9-ab6b-4b1f-9eba-2bc0514fe606,26.0,Female,Lewismouth,Low,2020-07-20,1,524.62,0,1,1.0,0
78bee088-4d98-4eaf-ab74-cac78e41e898,63.0,Male,South Kevinmouth,High,2020-04-08,3,1648.92,0,3,1.0,0
78fec206-bd61-4111-8a5b-6c450b8e4268,26.0,Female,Christiantown,Medium,2020-08-18,2,632.2,0,2,1.0,0
79800b63-a83d-4f32-9654-a869ca5b5ca8,38.0,Female,North Courtney,High,2021-12-01,6,2219.37,0,6,1.0,0
799943c7-3b71-4f24-9b16-c2fcaf9b3871,60.0,Male,Port Deborahside,Unknown,2021-12-27,4,1602.67,0,4,1.0,0
79a5eedf-99cd-4151-9007-8d0904daf592,22.0,Male,Lake Ryanland,Low,2021-01-28,2,698.25,0,2,1.0,0
79fc606a-c02c-4c39-b065-3e88a59b366c,34.0,Female,Johnsonburgh,Medium,2019-07-10,12,6662.31,0,12,1.0,0
7a2a204c-45c6-472b-81e1-3fcfdcaef417,45.0,Male,Brandonchester,High,2022-09-03,1,660.43,0,1,1.0,0
7a2c7c71-1f0d-4e00-b1e7-821708ec5194,30.0,Female,North Frederickport,Low,2020-04-05,1,620.57,0,1,1.0,0
7a63603b-38fb-4733-bb8c-c4faa632ab0d,41.0,Female,Johnmouth,Medium,2023-03-09,1,399.06,0,1,1.0,0
7a7ebefe-7936-4e6f-9cf2-6e80c7d2d849,28.0,Male,West Nicole,Low,2022-09-13,2,1063.75,0,2,1.0,0
7ab5cb0d-4284-4b14-9414-dbba3b9c2e89,28.0,Female,South Steven,Medium,2023-11-03,3,1719.41,0,3,1.0,0
7be6d71b-02f8-4b79-af40-2cfd25692d9f,38.0,Female,New Keithfort,Unknown,2023-05-10,3,1489.875,0,3,1.0,0
7c04fa8c-3838-4820-830b-fec86eeb507e,61.0,Male,Hopkinsburgh,Low,2022-03-16,2,1946.3,0,2,1.0,0
7c1ced6e-c1ff-4cc8-ad63-480b951db4e7,45.0,Female,Lake Joseph,Low,2023-08-18,3,1526.1399999999999,0,3,1.0,0
7c7df909-aa25-48c7-af9d-6ebe714b28b6,23.0,Female,South Anthonystad,Low,2020-06-23,1,50.07,0,1,1.0,0
7cd96f82-4bad-4efd-a6aa-d6098dff001e,25.0,Male,Salazarstad,High,2021-02-14,6,3299.3399999999997,0,6,1.0,0
7d1f2bbc-8d16-4fbc-9b37-ece3324e8ed4,50.0,Female,Jessebury,High,2023-08-24,2,1466.92,0,2,1.0,0
7df3505b-72cb-488c-8844-2f7f532d4db0,62.0,Female,New Jeffery,Low,2020-05-29,4,1225.8200000000002,0,4,1.0,0
7e280186-770e-4c4a-b330-73dd471f956a,18.0,Female,Parrishburgh,High,2022-02-20,2,868.61,0,2,1.0,0
7e3256b2-49d1-419e-a30c-8504f446e64e,54.0,Female,Port Jesusborough,High,2021-02-16,2,1276.275,0,2,1.0,0
7e633526-86ba-4795-8d80-a79b26014c0d,68.0,Male,West Robert,Medium,2022-12-05,2,1343.04,0,2,1.0,0
7e98133e-29ac-443b-a139-91a28f510ce8,45.0,Female,New Jenniferport,High,2019-08-16,2,1251.165,0,2,1.0,0
7eb7f7df-9b0a-416a-829e-bcf4d8bd57dc,55.0,Male,New Anthonyland,High,2022-07-23,3,108.14999999999999,0,3,1.0,0
7ebb1bd0-ca6b-4090-9351-c4793fdf4bfe,70.0,Female,New Davidstad,Unknown,2021-08-14,2,1497.34,0,2,1.0,0
7f010694-f12b-402f-bd02-6afa18b0fae1,40.0,Male,Port Tiffanyport,High,2021-05-30,3,1489.875,0,3,1.0,0
7f05422d-2ccf-423b-958f-081f2044dc02,53.0,Male,East Christopherside,Low,2019-12-18,1,419.3,0,1,1.0,0
7f06d32a-671e-4125-95cd-ce560c2e630a,34.0,Male,Mooreshire,Low,2022-07-24,1,105.91,0,1,1.0,0
7f12330b-8b50-4618-bbeb-b5ca1532ab43,21.0,Female,East Tommyshire,Low,2023-08-27,2,1477.77,0,2,1.0,0
7f237eb5-f4a7-403f-a3cc-72748ee810c6,59.0,Female,South Danielburgh,Low,2024-01-04,2,1915.9,0,2,1.0,0
7fa1d4e1-e465-4d23-82c8-c096f58fb5ed,32.0,Male,Port William,Low,2024-01-29,1,0.0,0,1,1.0,0
80065540-0427-4aa7-83d5-b7e24f8d7962,37.0,Male,Port Nathanland,High,2024-03-25,2,867.7,0,2,1.0,0
800ad6ce-e283-4fd1-9974-e07577f1aa82,20.0,Male,Robinsonview,Unknown,2020-07-14,1,838.43,0,1,1.0,0
80a0ca0b-e478-46fe-b45d-fd286623787f,45.0,Female,Lake Victoria,Low,2022-04-17,2,1883.74,0,2,1.0,0
80ccc424-80cb-43f9-8063-a09c96c53da0,53.0,Male,South Danielborough,Medium,2022-03-06,1,271.98,0,1,1.0,0
81c75c59-8474-41b9-84fe-ad1840d6ee75,66.0,Male,Lewisside,Medium,2020-03-21,2,281.46,0,2,1.0,0
8240be7d-ef8a-4f51-a5d1-1389e6aa43f2,35.0,Male,Lake Kathymouth,High,2019-11-23,1,737.55,0,1,1.0,0
8259be60-437d-486d-9b10-b834e22ba7cc,45.0,Male,Adamsville,High,2022-03-29,4,2598.08,0,4,1.0,0
82f41b29-3a03-4309-8ff4-96465e800a62,20.0,Female,New Ericside,Medium,2023-08-31,1,582.36,0,1,1.0,0
832fe90b-db19-4a42-aee0-c3feb0f2cc64,53.0,Male,Traviston,Low,2019-11-19,3,2161.17,0,3,1.0,0
83355281-fda3-4776-9f9d-a812243c3b56,31.0,Female,Ashleychester,Medium,2024-04-15,2,1490.6,0,2,1.0,0
835384f5-c976-481d-8961-cc827dc62c6b,60.0,Male,Stricklandport,High,2023-09-30,2,515.38,0,2,1.0,0
839d63cb-15d2-4fe1-890c-9943028eb8aa,56.0,Female,Lisaton,High,2023-07-21,2,1689.9099999999999,0,2,1.0,0
83daf4d4-0b79-4938-8936-0237e7de0653,56.0,Male,Port Michaelstad,Medium,2022-04-30,2,1287.88,0,2,1.0,0
83dc47eb-0ad1-4c15-91ae-d18f9fd2e6cb,27.0,Female,North Cody,High,2024-06-18,1,985.02,0,1,1.0,0
83e67ac8-6dd6-4dc9-b16c-eb05aa77e6e7,38.0,Male,North Stephanie,High,2021-09-25,2,1087.105,0,2,1.0,0
8414f142-72a4-4343-9afd-48c4333bfda4,45.0,Female,North Victoria,Low,2024-03-26,3,1695.93,0,3,1.0,0
841fd92c-2c00-4beb-b870-76df175c4398,32.0,Male,Lake Samanthaberg,High,2019-12-26,6,4228.4400000000005,0,6,1.0,0
8496167f-5a05-4be9-bb1a-eaedcc0d9dc3,56.0,Male,East Lauren,Medium,2022-12-29,1,213.55,0,1,1.0,0
84db5b8d-acf1-47fb-b3aa-100b30fd99fe,20.0,Male,East Crystalshire,Medium,2020-07-26,1,877.71,0,1,1.0,0
850477f1-54e9-42b2-aa69-329bdb1198a0,27.0,Male,Daleside,High,2020-11-28,1,55.61,0,1,1.0,0
8512b48f-4b69-4852-abdc-b0ca27953ee6,46.0,Male,Port Amanda,Low,2020-04-01,1,779.36,0,1,1.0,0
851911c8-6d3f-4a7f-b70c-9b93057d9f94,45.0,Female,Gonzalezborough,High,2022-07-30,2,20.28,0,2,1.0,0
8543ced3-b2b8-45d6-8f42-f66dd94c1685,69.0,Male,Jacobchester,Medium,2020-01-17,1,139.45,0,1,1.0,0
858b2173-fa72-42f1-8e11-acde120e697e,62.0,Female,Christianbury,High,2023-05-17,1,224.86,0,1,1.0,0
860003c0-809c-439e-b704-f8648809e396,56.0,Male,West Nathanport,High,2020-03-03,6,2300.62,0,6,1.0,0
8602d631-457c-49c1-8b59-8efb2a4448d4,51.0,Male,East Keithville,High,2022-04-17,2,1630.42,0,2,1.0,0
86afcf3f-ef6e-462b-84fb-589fddee7d49,59.0,Female,North Darius,Medium,2024-04-10,1,496.625,0,1,1.0,0
86c8bcf9-6c61-4615-98c1-2c572d35722d,39.0,Female,South Douglasfort,Low,2020-09-30,2,1521.76,0,2,1.0,0
86f62a9f-e0c9-4904-a196-65218dc5cea5,57.0,Female,Flemingbury,Low,2021-09-08,1,488.23,0,1,1.0,0
8743ef03-ec99-48dd-83d2-af2e56fd5ea7,36.0,Male,East Amy,Low,2022-06-19,1,117.17,0,1,1.0,0
87f8ea44-b883-42e0-8220-4ef3b755c9b5,57.0,Female,South Timothy,High,2022-01-21,1,232.35,0,1,1.0,0
885582df-3468-44c9-b92d-ea9d8396b962,54.0,Male,Angelafurt,High,2021-02-25,2,993.25,0,2,1.0,0
8895020d-182f-4965-b790-0e11ba1063c9,64.0,Male,Port Adrian,High,2023-10-28,4,2585.7799999999997,0,4,1.0,0
88c11bb5-495a-4fa4-9dca-ba16c044b52f,29.0,Male,Cruzville,Unknown,2022-01-03,2,641.82,0,2,1.0,0
88eec86b-65ca-49d4-9f92-55ee41cf25ca,39.0,Male,Christophertown,Medium,2022-12-02,3,630.5999999999999,0,3,1.0,0
890f10ce-36f6-4993-9a2e-a00dfdf01609,33.0,Female,Denisehaven,Low,2022-09-04,1,741.03,0,1,1.0,0
892666ed-6ac7-475e-a439-be787d456af3,38.0,Female,Foxville,Low,2023-01-28,2,1475.77,0,2,1.0,0
892d4069-6d8d-492f-b5f9-cfc329ee9e78,31.0,Female,Arroyohaven,Medium,2023-01-10,1,218.0,0,1,1.0,0
89432125-8fd0-4b2a-a3c6-4f2e6f8ddc64,45.0,Male,Vancestad,Low,2023-05-21,2,965.76,0,2,1.0,0
89480374-82ec-44e5-ae61-bbed82bfd5b1,36.0,Female,North Debrastad,Low,2020-11-30,1,0.0,0,1,1.0,0
896a48cf-7ab6-41a8-ac94-9d7f6c211c01,56.0,Female,Andreaburgh,Low,2021-07-14,1,515.54,0,1,1.0,0
89a1568b-5c22-46d0-87fb-6ff0ff6ba8aa,21.0,Female,Port Pamela,High,2023-12-23,1,662.57,0,1,1.0,0
8a1b714a-0592-42f9-bdc0-e7d67163f3f1,26.0,Female,South Joelland,High,2023-03-06,3,1584.625,0,3,1.0,0
8a23320b-45bd-47aa-b929-3287e63d2cc7,35.0,Male,Fosterton,Medium,2024-06-05,1,596.98,0,1,1.0,0
8a34badc-d3bc-464a-8687-d6bd3bb08215,67.0,Female,New Russell,High,2020-09-22,4,1580.98,0,4,1.0,0
8a39b491-7b4a-4319-ba21-ece95b3f2195,50.0,Male,Perezshire,High,2024-01-07,12,6432.75,0,12,1.0,0
8a3b08df-5162-4ee5-b1fa-55bd3bedf3e4,47.0,Female,Michaelville,Medium,2021-07-13,2,192.58,0,2,1.0,0
8a4e842f-affe-430d-81a5-15102e10eece,58.0,Male,North Williamton,Unknown,2020-10-12,1,10.21,0,1,1.0,0
8a5849f2-1fcb-44c7-a90f-e16023c0465e,48.0,Male,Port David,High,2022-02-07,4,1040.805,0,4,1.0,0
8a6ac6de-96f0-4383-a87c-34d12e104bb8,57.0,Male,New Patty,High,2020-09-09,2,911.93,0,2,1.0,0
8a7e010b-b3d2-418a-bc81-bd16f3432366,42.0,Male,Lake Zachary,Low,2019-11-06,1,64.96,0,1,1.0,0
8aa6b122-fcd1-42a8-b4ad-d526bf397551,60.0,Male,West Susantown,High,2021-10-02,2,178.16,0,2,1.0,0
8ad8003f-aa9d-4b7b-84f5-1913e2660e5d,47.0,Female,Scottville,Low,2020-09-15,1,473.65,0,1,1.0,0
8af27e3e-6225-43a1-b3b5-9a838531c97c,27.0,Female,Haydenberg,High,2023-07-29,3,1578.1499999999999,0,3,1.0,0
8b01dabe-8fbe-46b0-8684-d7cc59a613ba,19.0,Male,Amandaside,High,2020-09-19,2,825.82,0,2,1.0,0
8b603757-5985-4f60-b23b-bd869fdc36b5,39.0,Female,Port Jessicabury,High,2020-09-04,2,827.63,0,2,1.0,0
8bca00a4-2829-49f2-9375-7515df7b6810,29.0,Female,East Kenneth,Low,2022-11-21,1,496.625,0,1,1.0,0
8c2a3b88-0071-441b-98ec-b521f10ccdca,52.0,Male,West Crystalbury,Medium,2020-10-06,4,1567.74,0,4,1.0,0
8c30e42c-b170-4826-8bd3-c884b5f0715d,55.0,Male,New Douglasfurt,Low,2024-01-02,6,5298.57,0,6,1.0,0
8cac34ad-138a-4c96-b5e7-f2e795b16acb,45.0,Male,Hallside,Low,2022-09-30,2,1922.4,0,2,1.0,0
8d435ee0-fa33-4553-880a-e26511ac3921,48.0,Female,Wheelerborough,Low,2021-04-11,1,496.625,0,1,1.0,0
8d47ee55-d382-4fa5-8a9c-b369cc2309b8,26.0,Female,Briannachester,Medium,2022-06-14,2,1660.34,0,2,1.0,0
8d58b37a-8c7a-4359-bc29-50d097b24de1,23.0,Female,North Reneeborough,Medium,2022-01-04,1,496.625,0,1,1.0,0
8d8fe8bd-2009-4a15-be37-83dba3cef447,60.0,Male,East Dennis,High,2024-02-07,8,3230.3,0,8,1.0,0
8da1bcf2-03d6-4c67-863e-94f77ad8a850,46.0,Female,Markmouth,High,2024-01-05,4,1563.96,0,4,1.0,0
8ddf315b-2c2b-4768-a1b8-2836d9f9546b,40.0,Female,Kaylahaven,High,2020-03-16,4,3201.8199999999997,0,4,1.0,0
8de0429b-700b-4253-b914-e61d580aeb08,67.0,Female,Woodsmouth,Medium,2019-12-16,2,220.12,0,2,1.0,0
8ecb60d8-2993-4586-b0cd-41309f3e559b,59.0,Male,Jamesberg,Low,2022-07-23,2,1484.52,0,2,1.0,0
8ee0d652-42be-43fa-940a-0489b7e73791,45.0,Female,East Jessica,Medium,2019-07-23,1,785.22,0,1,1.0,0
8f440758-f8ac-44ee-9f83-51d9bde6d101,45.0,Male,North Erinchester,High,2021-04-27,3,1489.875,0,3,1.0,0
8f4bfd5c-d32d-49bb-a995-7535553847cf,64.0,Male,New Dianatown,High,2020-02-04,2,1042.4450000000002,0,2,1.0,0
8f61e984-4fa5-4941-95ee-e42c92758e02,26.0,Female,North Jenna,Medium,2020-02-18,3,1557.19,0,3,1.0,0
8f6a81be-9729-49b5-bc93-4ab9d3c5f6b3,22.0,Male,East Brittany,Medium,2020-11-29,3,1416.1100000000001,0,3,1.0,0
8f913b3f-65fa-4fff-b402-bff340ad86c8,45.0,Male,Patriciafort,Low,2021-12-19,1,714.51,0,1,1.0,0
8fb381a7-f59a-4da7-be95-d61ca40cf83d,49.0,Male,New Tiffany,Low,2022-02-14,1,822.56,0,1,1.0,0
9047570a-6d08-4ff0-8e07-9009d87ac90b,30.0,Female,West Michellebury,Medium,2020-06-21,9,4427.88,0,9,1.0,0
904ac3b7-e3b8-4462-9357-17721fd3315f,56.0,Female,Conwaymouth,Medium,2022-07-31,1,52.01,0,1,1.0,0
9110b6df-2a4c-4404-aeff-3c8b4c83279f,45.0,Female,New Dakotamouth,Unknown,2022-05-16,3,701.2299999999999,0,3,1.0,0
913dfe6e-4ed1-4a0a-a655-6e2be550593b,37.0,Female,Harveybury,Unknown,2023-04-11,1,791.85,0,1,1.0,0
9190bec9-2cbb-4b52-b9e0-263afc6bc0b8,50.0,Male,Geraldside,High,2020-05-10,2,1858.06,0,2,1.0,0
91ad2b3a-d2fe-4146-a0ae-cdcea44622c9,43.0,Female,West Jennifershire,Medium,2019-07-25,2,1174.62,0,2,1.0,0
92012350-c38f-4911-987b-6c574e4826b7,62.0,Male,West Elizabeth,Medium,2023-04-12,4,3093.32,0,4,1.0,0
9207fa75-5758-48d1-94ad-19c041e0520f,51.0,Female,Jensenberg,Low,2022-11-17,4,2314.99,0,4,1.0,0
9223891b-73ff-4d5c-b8ae-13ece82ee28b,46.0,Female,Sherriburgh,Low,2022-04-22,1,563.99,0,1,1.0,0
9243eebc-938f-480c-8564-16d503d250de,40.0,Female,Gomezview,High,2021-08-05,1,254.44,0,1,1.0,0
92d3a47c-ab00-4c27-8fd4-460a47314db9,38.0,Female,South Marytown,Low,2022-07-31,1,435.3,0,1,1.0,0
92d8fe98-faee-46c1-9fb3-b860fe226236,52.0,Female,New Jessicaborough,High,2022-09-15,2,281.45,0,2,1.0,0
93345558-abde-4687-870d-49dfe412d9d4,53.0,Female,North Tammyburgh,Medium,2023-11-04,1,524.17,0,1,1.0,0
937245e3-10c3-446d-ab02-f916fb556395,50.0,Female,Port Daniel,High,2022-03-01,1,538.73,0,1,1.0,0
939cf2d9-6764-404e-8ea8-ea5d283c3b8b,47.0,Female,East Jessicachester,High,2019-08-30,3,2223.7799999999997,0,3,1.0,0
940e1d2b-75a3-4eb3-bcfb-94f899c04a35,61.0,Female,Kellerburgh,Low,2022-01-21,2,1686.16,0,2,1.0,0
9423d089-86b6-4df7-a231-b9a7d06c43a5,42.0,Male,Karenshire,Low,2022-06-20,2,1779.9,0,2,1.0,0
9423d7e7-2239-478f-9a2a-5ce386882aa2,63.0,Male,Lake Justinstad,High,2020-07-28,1,0.0,0,1,1.0,0
94af9fb6-cf6b-47ae-94b1-932bc5da0e25,66.0,Male,Port Destiny,Unknown,2023-09-30,1,451.6,0,1,1.0,0
9560ed71-7a04-4cd9-a576-b622c5690487,61.0,Female,Rodriguezberg,Unknown,2019-08-07,2,971.59,0,2,1.0,0
958b5999-943e-4d80-abeb-5fb285047fc0,34.0,Male,Zacharyfort,Medium,2020-12-16,4,760.78,0,4,1.0,0
95f9b3a5-f108-4cd4-9887-97e9f01e36b0,45.0,Female,Ayalaborough,Medium,2021-01-03,1,921.78,0,1,1.0,0
961ea5d2-d165-46be-9e55-798607bc8177,52.0,Female,Maryfurt,Medium,2023-10-29,2,903.575,0,2,1.0,0
962f1fa4-cd1c-49c4-a5ad-a9a1d9d5ddf4,38.0,Female,East George,Unknown,2024-02-22,1,749.31,0,1,1.0,0
96b637b6-adb9-4bd1-83fa-643d65056c8a,45.0,Female,New Roberto,Medium,2023-12-06,2,985.0,0,2,1.0,0
96f0eb54-ca26-4ec6-b15e-2d1263d5a701,21.0,Female,North Andreberg,Unknown,2019-12-17,2,514.65,0,2,1.0,0
973945a8-ea5a-4106-b169-fcf330e4e6d2,43.0,Female,Lake Yolanda,Medium,2020-04-24,2,951.6,0,2,1.0,0
978c4300-e302-4677-b7f0-7b4a8e2a87b8,45.0,Female,East Jenniferborough,Low,2024-05-21,1,80.69,0,1,1.0,0
979260bf-0557-470a-af19-5dea2a52bc20,39.0,Male,Kathybury,High,2020-11-14,2,1405.595,0,2,1.0,0
979c8237-bae7-4240-9224-b283bc02529e,45.0,Female,Harrisborough,Medium,2021-09-11,2,1285.95,0,2,1.0,0
97ee26b8-320c-4c59-9abb-62380716854f,28.0,Female,Markburgh,Low,2021-10-01,2,1442.1,0,2,1.0,0
9800c7eb-9f32-4124-bb91-40c50fe2e85e,33.0,Female,Crystalport,Low,2021-04-08,1,308.68,0,1,1.0,0
983068c4-0f6c-4969-96a3-c4de81e494e7,40.0,Male,Port Donnaview,Low,2024-02-23,2,804.5899999999999,0,2,1.0,0
984d1ffa-8789-44f8-9a59-3c82e4d1d9c4,61.0,Female,West Kathleenland,High,2024-01-15,2,1268.335,0,2,1.0,0
9866b7ec-4394-4a83-b3d2-b56182c0758b,55.0,Female,North Jenniferview,Low,2021-11-26,2,377.94,0,2,1.0,0
987867d2-c4a0-4679-9686-b0557c8c22ee,47.0,Female,South Nancyview,High,2020-07-29,1,241.29,0,1,1.0,0
98ff8454-f7df-4193-a23a-34b23769aed2,41.0,Male,South Jacob,Low,2021-11-23,1,103.14,0,1,1.0,0
99220a1a-25ed-41a2-8156-541ea6ae971f,59.0,Female,New Stephenshire,Unknown,2020-01-18,1,127.15,0,1,1.0,0
99299ec1-ba07-442f-b7c9-7b3ec509584d,28.0,Female,New Debrashire,Unknown,2022-04-05,1,26.26,0,1,1.0,0
99462720-beca-4890-852e-79d16990f055,41.0,Male,Jamesbury,Low,2022-03-27,3,1467.695,0,3,1.0,0
996dc968-4b6e-4dd5-ab98-e69a88eaca15,31.0,Male,Andrewchester,Low,2020-01-05,1,817.27,0,1,1.0,0
999ad741-dfd2-46fe-afcb-7d1a3347c5c1,45.0,Female,Barbarafurt,Medium,2020-07-08,2,282.62,0,2,1.0,0
99a03d48-c59f-4d13-90c0-db35331daf2e,50.0,Female,East Jonathan,Low,2022-08-13,2,1128.0,0,2,1.0,0
99a198c8-1b8a-48cf-8741-11e3e84e94bd,27.0,Female,Jamesbury,High,2020-03-11,2,1135.38,0,2,1.0,0
99aa2615-17e0-47c8-915d-3ec0250aba6c,44.0,Female,Port Patricia,Low,2022-09-28,2,1880.54,0,2,1.0,0
99abe3ae-4c10-457b-b071-7edd0f122ecf,45.0,Male,Davidville,High,2021-08-05,1,252.69,0,1,1.0,0
99d38969-3c5f-4387-bb49-1ba429f7acae,31.0,Male,New Walterborough,High,2020-06-15,2,1093.77,0,2,1.0,0
99fa724b-e2bd-4739-a204-3c94957fe3e8,58.0,Male,New Claudia,High,2024-03-09,4,3019.48,1,4,1.0,0
9af1e27c-d8ef-446d-a941-3991c0cff209,58.0,Female,South Randy,Low,2019-12-29,6,4891.32,0,6,1.0,0
9b756f15-797c-4adf-b0cc-25d501a7e4fb,18.0,Female,Edwardsshire,Unknown,2019-11-19,2,993.25,0,2,1.0,0
9b8179f4-f187-4cfd-b12a-0c182539f178,68.0,Female,Katrinahaven,Medium,2022-10-26,3,1944.085,0,3,1.0,0
9b8c33cc-4121-4fad-82ee-fb5fa49b1b74,27.0,Male,South Bradley,Low,2023-02-20,2,921.27,0,2,1.0,0
9bd04ab1-225d-48d3-a9f9-f2338a40a439,42.0,Male,Jillianburgh,Low,2020-12-10,4,2391.46,0,4,1.0,0
9bd23b55-cbc0-4082-ae18-916ea8895c07,45.0,Male,Kimberlyview,Low,2024-01-26,6,3665.46,0,6,1.0,0
9bdf4403-1e6a-4b6c-8556-a58e26591bd2,25.0,Female,Wagnerfort,High,2020-05-04,2,92.92,0,2,1.0,0
9c0749f2-1449-4541-8113-7b1696f50c6b,39.0,Female,Isabellaside,Unknown,2021-01-12,3,664.5600000000001,0,3,1.0,0
9c4eeca5-47b9-422b-88e9-2cc77cf58a20,66.0,Female,West Jay,High,2021-03-29,1,81.97,0,1,1.0,0
9c52add6-d6da-42b9-be78-9a5d2d771aec,56.0,Female,North Jessica,Medium,2019-11-09,3,2329.71,0,3,1.0,0
9d25a4c2-9323-4df8-ab97-dbfdc89c7ee6,65.0,Female,North Wendyton,Medium,2020-09-04,2,1931.12,0,2,1.0,0
9d62293d-b5fd-4efa-b359-2039d2427c59,38.0,Male,Randolphside,High,2019-12-06,2,699.7,0,2,1.0,0
9de4e68f-2be5-489d-bbe0-e2dff3d3d24c,59.0,Male,Longland,High,2022-06-24,2,822.165,0,2,1.0,0
9dff89a9-fc39-423e-85d2-144f4e16c981,70.0,Male,Port Megan,High,2021-07-08,1,923.4,0,1,1.0,0
9e438f09-ec06-42e1-8c45-25063e2429aa,57.0,Female,Shawnview,High,2021-04-27,4,2700.0299999999997,0,4,1.0,0
9e68d26c-7772-4fa8-a1f7-50c8c9c1db86,18.0,Male,South Angelamouth,Low,2024-05-12,6,2526.62,0,6,1.0,0
9e85fb2e-f7af-4338-9b2e-0b900102405c,68.0,Female,Johntown,High,2022-06-19,3,1489.875,0,3,1.0,0
9eb78179-6de7-4c67-b04b-709c40f5ce01,34.0,Male,Lake Charlesshire,High,2023-08-05,1,496.625,0,1,1.0,0
9ed2792c-bffb-472f-9c11-61bb7203b01f,57.0,Female,Port Hannahfurt,Unknown,2019-08-28,1,84.72,0,1,1.0,0
9eead230-c70b-473b-a234-7002688b42b6,64.0,Male,North Brian,High,2019-12-28,1,496.625,0,1,1.0,0
9eee2b1c-ef39-41e8-b34f-6be7cb9d05a6,41.0,Female,East Brad,Low,2024-01-09,2,1036.72,0,2,1.0,0
9f2128cd-2f2b-4f71-987c-29fd045021f0,45.0,Female,Lake Erin,Medium,2022-04-26,1,743.6,0,1,1.0,0
9f30999e-2fb8-47f8-90df-b669aaaa8fbc,43.0,Female,West Jamesbury,Medium,2022-01-14,3,2199.33,0,3,1.0,0
9f6760d0-6b6f-4ed5-88da-74787fcfa14b,45.0,Male,Jonesmouth,High,2021-09-28,2,1429.86,0,2,1.0,0
9f682ebb-dc68-4d1a-a83a-4b1f74608578,24.0,Female,Millerville,Low,2024-02-29,4,2124.7799999999997,0,4,1.0,0
9fc22cf8-1f95-4bc9-9220-044f9757a473,19.0,Male,Amandachester,High,2021-06-11,1,297.49,0,1,1.0,0
9fdbee4b-8628-4a1d-ac7f-f210e1076709,45.0,Female,East Ariana,Medium,2020-11-03,3,1763.815,0,3,1.0,0
9ff4729f-7386-448c-8205-ce0995a50c9b,66.0,Female,West Tonyaport,Medium,2021-09-14,2,501.56,0,2,1.0,0
a0db86bf-0c2d-4c9e-8d3b-f5b33ac37cee,50.0,Male,South Jose,Low,2023-10-30,2,1395.31,0,2,1.0,0
a179e2b9-047b-40ce-b9f8-b13f2a8f969d,56.0,Male,Lake Edward,Medium,2023-09-02,6,1073.1399999999999,0,6,1.0,0
a182297b-e38a-43a7-bc51-572645ba843b,66.0,Male,East Melissa,High,2020-07-04,2,993.25,0,2,1.0,0
a19141a4-b574-4bdc-a9b4-c05e8b2519f7,45.0,Female,Breannaland,High,2022-05-19,3,1071.58,0,3,1.0,0
a194ec8f-3ff6-4c4c-a9ab-bad2c4c4871a,45.0,Male,Kimside,Medium,2020-12-24,2,674.0,0,2,1.0,0
a2bc414d-db64-43a9-8456-e0979baddc33,62.0,Male,Cunninghamfurt,Medium,2023-06-26,1,56.72,0,1,1.0,0
a2c21cab-0da7-4273-b2a4-f4b62d2aa701,31.0,Female,West Christopherberg,Low,2023-07-12,1,214.82,0,1,1.0,0
a319acae-e640-4d21-8215-b5b0eac9c64b,45.0,Male,East Samanthaburgh,High,2024-04-14,4,1582.0,0,4,1.0,0
a39d48bf-a98b-4846-924e-cf1c0c65bd63,44.0,Male,Lindashire,Medium,2023-09-16,3,639.75,0,3,1.0,0
a3bb452e-6a1c-41ee-a2c1-0c3556751726,18.0,Male,East Nathanburgh,High,2024-01-16,3,911.96,0,3,1.0,0
a3ceaaae-d389-4f71-801f-182316d6b788,66.0,Female,Schultztown,Medium,2022-06-04,2,525.24,0,2,1.0,0
a3efade0-9841-40a8-9c00-0968581d608a,45.0,Female,North Danielle,High,2020-06-07,2,751.32,0,2,1.0,0
a420497a-653c-4a0f-bdfa-32543a7a94f6,64.0,Male,Lake Jerryport,Unknown,2020-01-26,4,0.0,0,4,1.0,0
a4a6c9aa-bbbf-4155-9100-4f770078551d,45.0,Male,Curtistown,High,2020-01-19,9,7004.64,0,9,1.0,0
a523b30b-f05c-4704-b3b6-e36c4e637440,35.0,Female,Port Brandonstad,High,2024-03-15,4,3589.42,1,4,1.0,0
a53c8c2d-9bcf-4812-ab7a-10840de166fb,69.0,Female,East Amy,Low,2023-11-12,3,1384.53,0,3,1.0,0
a5537b15-92da-427b-bfa6-287f24e8c371,45.0,Male,Lake Ricky,High,2022-06-02,6,2318.16,0,6,1.0,0
a5fe1b34-7c1d-40d7-b156-2124bfadb490,23.0,Male,Bernardborough,Low,2020-06-23,2,1368.54,0,2,1.0,0
a60e0cb6-7b43-44f2-956a-16caae372e9f,70.0,Male,Port Joseph,Low,2021-08-18,2,384.72,0,2,1.0,0
a64f3f8a-fcf3-4c3f-a8df-0abfbb05ac11,45.0,Female,Port David,Low,2023-06-27,2,555.51,0,2,1.0,0
a6b32804-271f-49c4-b6e0-6bab25fd7313,66.0,Female,North Jose,Low,2022-03-31,1,761.34,0,1,1.0,0
a6cdffb1-b3cf-4aa3-af54-e42be3a8c260,60.0,Male,East Amy,Low,2020-01-30,3,1489.875,0,3,1.0,0
a76ed7fb-f0eb-4927-9cc5-e92294c44403,39.0,Male,Matthewsport,Medium,2019-11-11,1,389.46,0,1,1.0,0
a7937edb-0b78-4642-afd6-50e3b4cf66b3,46.0,Female,Joneston,Low,2023-12-31,9,4172.685,0,9,1.0,0
a800ccba-e1ca-4f52-ad9f-14f3432699c9,45.0,Male,Randyton,Unknown,2022-10-16,2,409.46,0,2,1.0,0
a808b2b2-0be4-423b-abec-24068d450f73,61.0,Male,Fisherstad,High,2023-02-08,4,1734.59,0,4,1.0,0
a8094112-0900-4bad-801d-3ad673b8a229,20.0,Female,East Vincent,Medium,2022-03-23,4,3016.48,0,4,1.0,0
a8636cc2-6df1-45e7-9142-daf1a21618be,31.0,Female,North Jennifer,High,2023-01-04,2,1218.38,0,2,1.0,0
a89a9ca8-afae-4f78-9dfe-514d9d8e5735,23.0,Female,South Nicole,Medium,2022-08-20,6,4196.61,0,6,1.0,0
a8a7ca84-eb94-417d-a539-47f086159f3c,32.0,Male,South Ricky,Low,2023-07-15,1,34.12,0,1,1.0,0
a8f090f4-9647-49e5-9bc0-06203eaa301f,37.0,Male,Samuelland,High,2022-06-06,1,974.79,0,1,1.0,0
a8f82019-5586-46dc-87b2-3660e80ecd7d,45.0,Male,South Andrew,Low,2022-11-15,4,2640.8,0,4,1.0,0
a9658c6f-134f-421b-8b2e-fd4978c7a940,56.0,Male,Shawville,High,2020-07-01,2,961.78,0,2,1.0,0
a9a3ce5a-1459-428a-b461-2ec4611ffdcd,27.0,Male,South Carlaport,Unknown,2020-06-21,3,1838.965,0,3,1.0,0
a9af986b-d677-421a-81df-3d289ce9e38f,31.0,Male,New Theresa,High,2022-08-13,3,377.31,0,3,1.0,0
aa21621d-ab9a-48fb-bf2d-0f83dcf73cfa,36.0,Male,West William,Unknown,2020-09-07,1,987.65,0,1,1.0,0
aa53dc4d-35a6-45a2-9ffb-f83d25cf0e60,18.0,Male,North Kaitlyn,Medium,2020-06-24,6,2058.6,0,6,1.0,0
aa5eea4b-c948-41f4-9285-229a470002aa,65.0,Female,Reidville,Low,2023-12-30,2,1373.66,0,2,1.0,0
aabb967f-0fac-406a-b5c5-ffb0480b80c5,43.0,Female,Newmanborough,High,2021-06-14,2,1421.65,0,2,1.0,0
aac57e67-f138-426a-8f26-c4620e29f4e6,47.0,Male,East Corymouth,Medium,2023-09-10,2,1911.96,0,2,1.0,0
aae60ad7-5553-4d10-a637-93d5dcc98e4a,45.0,Male,Brownfort,Low,2021-12-02,1,116.46,0,1,1.0,0
ab0ff3f2-c413-41cd-a69d-9ec090b6739b,65.0,Male,Lake Jocelynchester,Low,2024-06-24,3,1912.5149999999999,0,3,1.0,0
ac0248f2-5af3-46f9-9cec-2fb5a478f47a,64.0,Male,East Brookeburgh,High,2021-03-07,2,1962.48,0,2,1.0,0
ac5436b6-4dbf-4083-88f5-87e9c9b2064d,62.0,Female,Carolynland,Medium,2021-08-19,2,449.6,0,2,1.0,0
ac6386cf-3044-4ec4-bc57-793052872002,20.0,Male,Port Jessicahaven,High,2021-11-11,1,891.09,0,1,1.0,0
ac6b4d61-3d14-4362-b226-8c0c5786d6df,23.0,Male,South Cheryl,Medium,2021-09-23,1,0.0,0,1,1.0,0
acf61979-471d-4d03-99cf-bdd3668261a6,59.0,Female,North Elizabeth,Low,2021-12-29,2,54.38,0,2,1.0,0
ad17268e-71e0-4fd2-91c4-0521eb3ffa0b,18.0,Male,Port Kaylaburgh,Medium,2024-01-02,1,701.25,0,1,1.0,0
ad21da52-d3d5-462d-bf3b-841e989ba1be,26.0,Female,Williamburgh,Medium,2020-03-19,1,291.9,0,1,1.0,0
ae0b84ca-a55b-424d-a556-40e89db2e099,56.0,Male,North Tracyport,Low,2020-02-18,3,1752.54,0,3,1.0,0
aeaf225f-d2a0-4a65-89cc-332358117295,67.0,Female,Lake Jeremyfurt,High,2023-06-11,4,1248.5,0,4,1.0,0
aeba2f6d-bf7f-4a93-b947-4b5d03d6fa95,66.0,Female,South Garyborough,Low,2020-09-27,2,1456.615,0,2,1.0,0
af4927ba-261a-43f2-93fb-87c102029ebb,65.0,Male,North Melissaside,Low,2020-06-10,4,817.4,0,4,1.0,0
af53d8ae-7f3b-4384-aea5-0e70b3320ad8,45.0,Female,South Elizabethport,Medium,2023-08-06,1,980.76,0,1,1.0,0
af603c89-aa51-419e-81ec-7dda033219f3,37.0,Female,Troychester,Low,2020-11-10,2,1525.95,1,2,1.0,0
af7e73a2-6c53-4483-aaba-8b6c9074e1ea,45.0,Male,Steventon,Low,2020-01-12,2,842.96,0,2,1.0,0
afafc055-f6de-427f-8b2d-2f2cc262c0a8,28.0,Male,Ashleyberg,Unknown,2020-03-19,1,310.91,0,1,1.0,0
afc2a89b-0b66-4b13-83d0-54cc54e5dae0,36.0,Female,Jacobview,High,2021-09-27,2,1711.62,0,2,1.0,0
afc2cf41-aacb-482c-a3f0-2f68035c44f7,57.0,Male,Allenchester,Low,2023-04-06,2,1001.1500000000001,0,2,1.0,0
b0099c65-5803-4c0e-9747-44f2ea1157cc,67.0,Male,Tranview,High,2022-03-17,4,1830.82,0,4,1.0,0
b0180e7a-16e4-45bf-a417-0f2f5ca442bd,61.0,Male,Port Peter,High,2022-05-06,6,1489.875,0,6,1.0,0
b01cf495-5ea5-4cb7-acd3-b2c1e6983959,36.0,Male,Hayesfurt,High,2020-01-08,2,1278.03,0,2,1.0,0
b05ce7b6-2285-4728-8601-6d75030a902f,43.0,Female,West Alejandroburgh,Unknown,2023-04-06,1,419.49,0,1,1.0,0
b0ce5c86-420b-4bc6-be06-02814c3feb2f,62.0,Female,Hunterhaven,Low,2023-07-25,3,2090.2799999999997,0,3,1.0,0
b0e547f6-b969-4908-b977-c64793686f9e,59.0,Male,West Donaldmouth,Low,2020-04-16,3,2221.3450000000003,0,3,1.0,0
b0f6482c-2895-48e5-b17d-76f51f537dec,38.0,Female,South Stephaniefurt,High,2021-12-01,3,653.64,0,3,1.0,0
b10dbfea-ac81-4cdf-be3c-62248bbd5838,68.0,Male,Lake Joel,High,2021-12-14,3,1203.095,0,3,1.0,0
b1160da2-67a2-4ac3-a338-06f960278e02,45.0,Female,Ramirezberg,High,2021-12-25,1,272.85,0,1,1.0,0
b14fcb71-e3f9-4cba-99de-f0e79d7ac5bc,38.0,Male,East Keithmouth,Medium,2021-09-01,2,1276.51,0,2,1.0,0
b209dd08-f3b3-471e-8616-467021121966,19.0,Female,Port Maureen,Low,2023-09-09,1,60.54,0,1,1.0,0
b29ddf39-3a1e-4a11-97fd-a2ec8ccf01c5,34.0,Female,South Samantha,High,2019-08-15,2,993.25,0,2,1.0,0
b2d839ab-012b-4966-90dd-de4311498b7a,39.0,Male,Lake Samuelchester,Medium,2022-07-04,4,2754.9700000000003,0,4,1.0,0
b2dd40c0-e0bd-43ef-b0f7-a178faa348cf,63.0,Female,New Olivia,Low,2023-05-20,2,928.37,0,2,1.0,0
b2f4c25e-be11-4912-9d14-5c288616e56e,29.0,Male,South Timothyhaven,High,2023-07-09,2,1067.88,0,2,1.0,0
b33cc50a-b96d-4bae-b056-82446c576152,38.0,Female,Nelsonside,High,2021-09-20,1,746.44,0,1,1.0,0
b3b912ee-bc75-4ba3-aa9c-4be51830ed21,37.0,Female,Donaldstad,Medium,2020-02-09,2,578.8199999999999,0,2,1.0,0
b449a41c-c911-4d86-8125-5d2aca600289,62.0,Female,Rayview,High,2023-11-12,2,1160.36,0,2,1.0,0
b46b45f2-bb07-435e-b5a8-0626db6f7a07,41.0,Female,Lake Darylton,High,2021-02-07,1,963.3,0,1,1.0,0
b4fc2d7d-62bd-491a-bff5-f32289dc0057,37.0,Male,Sandovalshire,Low,2023-02-03,1,761.53,0,1,1.0,0
b56473e0-5c57-4325-94f2-6414db34f557,70.0,Female,New Douglasville,Low,2020-04-21,12,6209.610000000001,0,12,1.0,0
b57b9637-7237-4987-8eb4-a01f567d590f,48.0,Female,Port Sethmouth,High,2023-10-01,1,496.625,0,1,1.0,0
b5c0628b-1e18-48db-b35e-fd3e959dd948,18.0,Female,Arnoldtown,High,2019-08-23,3,285.96,0,3,1.0,0
b64655c3-a06c-4f03-91fe-8dde87a2c547,26.0,Female,South Christopher,Low,2024-01-02,1,111.74,0,1,1.0,0
b66935bc-453f-4947-86e6-92d2e1d52872,49.0,Female,Whiteburgh,Low,2021-04-26,1,496.625,0,1,1.0,0
b6d5b373-c307-44f4-a89c-ac7a56c9b103,70.0,Female,West Clintonland,Unknown,2021-11-04,1,54.97,0,1,1.0,0
b707539e-7eaf-4c76-8a2f-944b44eee698,65.0,Female,Wendymouth,Medium,2021-12-29,3,540.97,0,3,1.0,0
b779c476-9543-44ef-b23e-72fd407bb706,36.0,Female,West Emily,High,2022-01-16,6,618.87,0,6,1.0,0
b77c0398-2ff6-41e6-9ebf-410290baadc8,45.0,Male,Ashleystad,Low,2021-03-22,1,496.625,0,1,1.0,0
b791d365-bf14-43ae-9939-aabd2c982866,22.0,Female,Erikville,Low,2019-08-04,6,3039.105,0,6,1.0,0
b79db1bf-be94-444a-9c04-0e3a7280f3b5,61.0,Male,South Adamhaven,Low,2022-08-15,2,1342.435,0,2,1.0,0
b7b84b81-c61b-4f23-b3db-b18010484122,52.0,Male,East Cynthiafort,Low,2020-02-21,2,1370.33,0,2,1.0,0
b7cf7756-cd20-4de2-b150-c473112da343,25.0,Female,Davisshire,Unknown,2019-12-27,1,525.87,0,1,1.0,0
b82ee981-f4ba-49e3-95de-49084a33db20,20.0,Male,East Stacymouth,Low,2021-03-28,1,0.0,0,1,1.0,0
b836eea2-4914-429c-af83-8f51b24a8a5b,28.0,Male,Port Darrell,Low,2020-11-08,3,1444.455,0,3,1.0,0
b84c6729-8e89-4806-92d4-55c7e4da50d9,34.0,Male,Wagnerton,High,2024-02-01,1,845.38,0,1,1.0,0
b8749ac7-628a-4fc6-81f4-8fd885fcca3c,26.0,Female,Trevorview,Low,2024-01-09,4,1986.5,0,4,1.0,0
b8a3bca9-79e2-4a99-96be-f23108c05f00,66.0,Male,Duncanside,Low,2022-04-24,2,1421.405,0,2,1.0,0
b8e6ad59-8b84-405d-af66-b0c1bebf7578,66.0,Female,North Sethburgh,Unknown,2021-02-01,1,577.98,0,1,1.0,0
b8f3474f-d05d-4aca-982b-6af4a856305a,45.0,Male,Chelseaburgh,High,2024-06-09,4,1784.2,0,4,1.0,0
b92224a4-fa0d-4e99-ab1a-9f76360a4e33,45.0,Female,Jacksonton,Medium,2019-07-01,4,2078.9700000000003,0,4,1.0,0
b94a126b-755e-4ee1-91f6-c5f86ceef780,67.0,Female,Jillmouth,Medium,2020-05-02,8,525.24,0,8,1.0,0
b990c65a-3491-4687-bf14-4613e85e5b4a,45.0,Male,Martinburgh,High,2022-05-16,1,714.92,0,1,1.0,0
b9c92d6c-fb4c-4d0b-8c72-7b7c1ae9f79c,19.0,Male,Lake Adam,Medium,2021-01-10,1,915.01,0,1,1.0,0
ba0181c9-c5af-44b3-94af-81bf63fac5df,39.0,Male,Carsonfurt,Unknown,2022-04-21,1,843.82,0,1,1.0,0
ba3f79ad-b3ab-47e5-8803-22cb4ea8cf13,45.0,Female,Rodriguezside,Unknown,2022-08-10,6,2820.09,0,6,1.0,0
ba78abe5-c514-46ca-8feb-95426be7f8a3,36.0,Male,East Joshuachester,Low,2020-05-18,6,3255.7200000000003,0,6,1.0,0
babddffd-9064-4f6d-99fa-0ca97adefb69,68.0,Male,North Donnafurt,High,2020-06-22,2,446.48,0,2,1.0,0
bb07fa4a-8680-4b77-b1ad-5d2f67570252,52.0,Male,Port Davidtown,High,2020-11-06,1,351.38,0,1,1.0,0
bb275448-8285-40dc-8d02-657918eea20f,23.0,Male,Mcmahonberg,High,2022-06-02,1,203.39,0,1,1.0,0
bb798529-5f0e-4731-8377-244690335f1a,56.0,Male,New James,Medium,2022-11-08,2,322.88,0,2,1.0,0
bc2031d8-5a4a-4cfc-98f1-0c1b8cc33934,60.0,Male,Emilyshire,High,2020-04-27,2,1374.37,0,2,1.0,0
bc75ec72-1e92-4d14-abe8-e47e8330def7,37.0,Female,Lake Julie,Medium,2021-02-15,1,659.34,0,1,1.0,0
bc888183-8dfd-45d0-9bc2-d8584e9b8064,37.0,Male,Sarahmouth,Low,2023-10-19,1,679.85,0,1,1.0,0
bcc0e767-8943-4823-8f47-6f5d958039fb,25.0,Male,Port Anthonymouth,Medium,2021-11-08,1,921.06,0,1,1.0,0
bcdfeb3f-35d1-42e3-b630-602a9fee5214,20.0,Female,New Lorettatown,Low,2019-10-27,1,510.42,0,1,1.0,0
bd8ab2a4-b629-48e1-be7c-79608d4cce8b,41.0,Female,Anthonyhaven,High,2023-02-10,1,447.56,0,1,1.0,0
bd90f5cb-05a7-40f4-acb1-eedf48b58ffa,31.0,Female,North Cassandra,Medium,2021-03-19,2,689.0,0,2,1.0,0
bdb8e28a-44e5-4b20-b4a5-fd345abf6fbe,29.0,Female,New Patrick,Low,2024-03-26,2,1444.46,0,2,1.0,0
bdfb63af-d1a7-412c-8d2d-f80f6a26420f,23.0,Male,Meganbury,Low,2021-07-31,1,993.7,1,1,1.0,0
be10f9ef-a8e8-4ee2-a296-48c31c209b14,58.0,Female,North Reginafort,High,2020-01-19,4,1820.24,0,4,1.0,0
be291608-29a5-4143-a9dc-701f91ea3952,36.0,Female,Port Jenniferborough,High,2021-04-10,4,3714.7,0,4,1.0,0
be43e8db-0b64-425e-b11d-c15f19659bc2,59.0,Male,Mariastad,Medium,2020-03-06,2,500.24,0,2,1.0,0
be4e184b-21d4-40f3-926b-bb3d6504942d,56.0,Male,East Albertberg,High,2023-06-28,1,943.06,0,1,1.0,0
bed6aaf5-80ce-41d2-b91b-11e7e3726d22,42.0,Female,Davidhaven,Medium,2020-11-27,4,2666.39,0,4,1.0,0
bf516307-fb1c-4d71-9348-23cbc39d8eae,65.0,Female,Aliciachester,Low,2023-03-02,3,1489.875,0,3,1.0,0
bf67d7a6-f689-4aa7-932c-44ed4a0106da,31.0,Male,Ryanmouth,High,2024-01-22,1,538.35,0,1,1.0,0
c00d08be-e282-448f-91ef-7c236e320404,57.0,Male,Kimberlytown,Unknown,2021-08-25,4,3417.0,0,4,1.0,0
c0bac7ce-a529-4c71-912e-fe63f475b8e9,47.0,Female,New Mauriceborough,High,2020-07-21,2,1507.06,0,2,1.0,0
c12ab95c-d42d-4e32-ae97-95faef364e52,58.0,Female,Greeneborough,Low,2022-08-22,4,2023.36,0,4,1.0,0
c12c8d66-3979-45bc-85fd-780ac87f19d9,45.0,Female,Port Kevin,Medium,2023-07-07,1,73.37,0,1,1.0,0
c16f42a8-3339-49f4-9aea-c1dda8b0701e,70.0,Male,New Ryan,Medium,2021-08-04,8,5152.84,0,8,1.0,0
c1805670-0d42-4583-bfda-646f85252829,45.0,Male,South Eric,High,2020-04-25,3,1145.97,0,3,1.0,0
c234d519-1d1c-4822-b812-2d4fb2d7d0d7,43.0,Female,Port Timothyhaven,High,2021-07-17,2,1976.68,0,2,1.0,0
c288b8e0-209a-408b-8135-28f8e81b053b,20.0,Female,Fletcherburgh,Medium,2023-12-02,2,1024.955,0,2,1.0,0
c2c93273-8204-4385-8dd5-a277dc51989f,64.0,Male,Bradleyfurt,Medium,2020-06-18,10,3960.46,0,10,1.0,0
c30de55f-687c-46f5-bbd2-a9e73d2d138d,44.0,Male,Harringtontown,Medium,2023-07-07,1,736.46,0,1,1.0,0
c31b7475-f089-4708-be02-df18e1348a5e,48.0,Male,North Michelle,Medium,2021-01-29,4,2533.075,0,4,1.0,0
c3575491-5c91-4a46-a63b-506bc3395c62,50.0,Female,Port Timothyfort,Medium,2022-01-17,1,827.66,0,1,1.0,0
c39b1fb1-7f69-4631-9279-b8051420c444,57.0,Male,West Christopher,Low,2021-06-14,6,2430.16,0,6,1.0,0
c39db678-b47a-49d2-b569-2e45050d1e0a,33.0,Female,Taylorshire,Medium,2020-10-21,2,1299.78,0,2,1.0,0
c3a3cdb4-7e4f-4017-a8bf-5f329b6938c8,52.0,Female,Port Sheryl,Low,2020-08-04,2,257.46,0,2,1.0,0
c3a5e86e-a74b-420e-b1e7-13bcbe6b71ac,42.0,Female,Ronaldton,High,2022-07-31,9,7947.18,0,9,1.0,0
c3ee84bb-f586-4e4f-9d43-48af820faf03,64.0,Male,Jaimeland,Medium,2022-04-03,8,3114.24,0,8,1.0,0
c3f22991-8910-4823-86e4-8637520d3952,45.0,Male,Christopherburgh,Unknown,2019-10-15,4,2254.74,0,4,1.0,0
c4197591-1c5e-4416-9a01-7d1882f2bc2c,66.0,Female,South Matthewchester,Low,2023-08-02,1,248.59,0,1,1.0,0
c448b2f5-80a5-4fde-8144-8bea32bc3618,40.0,Male,Millermouth,Medium,2021-10-30,3,2951.4900000000002,0,3,1.0,0
c4564107-c103-4f5e-bda4-314c9d46af7f,48.0,Male,Lake Shaun,High,2019-10-20,1,236.91,0,1,1.0,0
c4dc94e9-3c8b-4dc4-b38b-7eb3c9aa9f00,31.0,Female,South Craigstad,High,2019-07-25,3,560.16,0,3,1.0,0
c510c51e-77c1-4e2e-901c-b24996c6e3f0,22.0,Female,Lake Cassie,High,2020-07-28,2,620.0,0,2,1.0,0
c51a0615-0139-4cfb-84f7-0c5f12c7d9b8,22.0,Female,South Ryanbury,Medium,2023-09-22,3,1728.1100000000001,0,3,1.0,0
c5214293-3313-4a25-96b2-625af9e94e49,45.0,Female,Masseyhaven,Unknown,2022-01-01,1,754.68,0,1,1.0,0
c523a06d-69e9-48ab-9604-a060d44f8aaf,41.0,Male,East Adam,Low,2022-03-02,2,1749.68,0,2,1.0,0
c542f337-bd14-4d58-8ef4-e609830bf5c1,26.0,Female,North Eric,Medium,2024-02-27,2,653.35,0,2,1.0,0
c5537a33-a4c2-4e97-b439-a4d59e2baf6b,50.0,Female,Johnsonland,Low,2023-11-30,2,199.32,0,2,1.0,0
c579a416-2c8c-46df-ba08-e43e243bd136,58.0,Male,Alecside,High,2020-04-13,2,1058.2,0,2,1.0,0
c584f7db-9f8c-4012-b52e-089eadc9fde3,67.0,Female,Stephensonmouth,High,2022-02-27,2,781.3,0,2,1.0,0
c5cc364c-0373-4aec-b421-e5e10f91791f,25.0,Female,East Luis,Low,2020-02-08,2,985.19,0,2,1.0,0
c5dfebb9-5891-4a1d-a50c-a6851dad85cf,30.0,Male,Lopezstad,Low,2023-01-17,1,496.625,0,1,1.0,0
c6253172-8dc9-4c82-8816-9d2740b0e3b8,58.0,Female,Mitchellfurt,Low,2022-06-18,3,1996.29,0,3,1.0,0
c655d6d2-58ed-4584-a015-4f280e2c192f,33.0,Female,Murphystad,High,2022-07-29,6,2457.2799999999997,0,6,1.0,0
c6789ac7-81c7-469a-a613-fe1fe1487953,25.0,Female,South Samanthaburgh,Medium,2022-09-24,15,7699.545,0,15,1.0,0
c680c6e8-2bc5-44a0-a713-98fe776bebc2,45.0,Female,South Kelly,Medium,2019-10-10,2,300.06,0,2,1.0,0
c6f3aa4e-9147-4547-b2c9-b1aa7847d304,28.0,Male,South Leeville,Medium,2021-11-15,2,605.525,0,2,1.0,0
c71e53bd-d52e-43c7-853a-bde70ff3cf38,55.0,Female,Port Austin,High,2021-04-26,16,11406.619999999999,0,16,1.0,1
c730f890-8def-4e02-a90a-f76b014f521b,45.0,Male,Michaelton,Medium,2019-08-27,2,1682.84,0,2,1.0,0
c74dc709-15bb-4652-9930-1c5f5897bfe3,20.0,Female,Dawnmouth,High,2021-08-26,3,1188.7150000000001,0,3,1.0,0
c7712686-3e9b-49d5-a673-e7d480d04ea8,29.0,Female,Teresaborough,High,2023-02-13,1,711.68,0,1,1.0,0
c7795b86-84bb-4da2-a8dd-8433adda3783,64.0,Female,Smithland,High,2022-05-23,3,472.97,0,3,1.0,0
c812445a-852f-44cc-afdc-20b7bdfbcf11,56.0,Female,Howardborough,High,2021-03-22,1,568.77,0,1,1.0,0
c8436ffe-dcc2-4103-9c12-c5f3c6f17505,56.0,Male,Joannaport,High,2021-02-26,4,1386.85,0,4,1.0,0
c849d8b0-2b3a-414b-842f-3f4c8bd24004,45.0,Male,South Sarahberg,Medium,2024-05-02,3,672.84,0,3,1.0,0
c8a01b2a-9609-45a7-8f50-fa49f6ba25c5,21.0,Male,Angelaside,Low,2023-05-25,1,240.42,0,1,1.0,0
c9158142-8cc1-452d-9c32-5760943ded3d,46.0,Female,Racheltown,High,2019-07-12,1,822.19,0,1,1.0,0
c948b688-1a1c-4d0d-828d-e130777f1fbd,52.0,Female,North Stephen,Medium,2022-03-29,2,883.26,0,2,1.0,0
c95dd000-c041-4a0f-9bb4-1d43d2336aa1,27.0,Male,Pughhaven,Medium,2024-03-11,3,562.92,0,3,1.0,0
c98edfc3-4819-4b2b-9af8-281ada990517,34.0,Male,Francesstad,Low,2020-07-26,2,1672.79,0,2,1.0,0
c9c2a3f3-cd4f-4b17-ad7c-69fbccc2416e,21.0,Female,New Angelaburgh,Low,2022-12-15,1,637.29,0,1,1.0,0
c9f831b4-43cf-4ed9-9b47-09542e239c70,53.0,Female,East Ryanbury,Medium,2023-10-12,2,1018.38,0,2,1.0,0
ca1e90f6-0e5f-492e-ab92-252ff540da18,62.0,Female,New Nicholestad,High,2024-02-10,2,379.42,0,2,1.0,0
cb01f3d4-94bf-42b0-8f3a-32209f715b1c,60.0,Female,Fullerhaven,Low,2021-11-22,1,621.99,0,1,1.0,0
cb0a2640-ca08-4221-a20a-6fa05b58af18,19.0,Male,Michaelshire,Medium,2019-12-20,4,1433.6399999999999,0,4,1.0,0
cb35a4e2-2808-4644-ab5a-8c87a6ced6d4,24.0,Female,Michaelhaven,Medium,2019-09-23,3,1664.4299999999998,0,3,1.0,0
cb5e4e77-f873-413d-9e16-c8922842d051,37.0,Male,Reidhaven,Low,2022-12-30,1,630.05,0,1,1.0,0
cb92abec-3e14-4c2d-b8a7-265082126081,54.0,Female,West Mary,High,2023-03-15,3,1081.33,0,3,1.0,0
cb968037-1e4a-42c7-8d2f-3eb0b27b5295,42.0,Male,Stevenshire,Medium,2023-12-26,2,1236.44,0,2,1.0,0
cbfff6f3-c193-4b56-a6ff-92bc84ad3789,46.0,Male,South Mike,High,2019-10-08,4,2431.37,0,4,1.0,0
cc2f3ad5-feb0-4b90-a3b6-83cb5d2146eb,45.0,Female,Tammyshire,Unknown,2023-07-10,1,519.57,0,1,1.0,0
cc69a111-0b82-4061-98f7-317b2ce823bd,30.0,Female,East Kimberlyport,High,2020-12-16,1,496.625,0,1,1.0,0
ccb5b16c-60f2-413c-9d6d-e5aa0091df54,50.0,Female,Dominguezburgh,Low,2022-10-25,2,993.25,0,2,1.0,0
cccb312c-4304-4bd8-a66f-6a39a1129846,67.0,Female,Port Kevin,Medium,2020-11-12,2,788.4,0,2,1.0,0
ccf4d58b-5087-45c8-a8f8-bb99be9a13d1,62.0,Male,Andrewstad,Low,2024-03-10,3,1228.615,0,3,1.0,0
cd406f95-85b9-4aa4-b550-71136df2534b,55.0,Male,Lake Matthewside,Low,2019-07-13,2,1416.14,0,2,1.0,0
cd733ffe-4726-4d32-b2a8-06a86d0dfa20,55.0,Female,West Valerie,Low,2023-04-18,4,3552.96,0,4,1.0,0
cd945724-5b93-44bc-8921-ad0c41af8ec1,47.0,Male,Elliotthaven,Low,2022-10-28,3,1652.7,0,3,1.0,0
cd96202c-3c7f-4132-9e13-949b62ca0df5,60.0,Male,Port Roger,Low,2019-11-27,1,13.35,0,1,1.0,0
cdd71e46-7539-41af-b9d5-6758abdfa2e6,65.0,Male,Port Gabriellaburgh,Medium,2023-12-15,2,992.93,1,2,1.0,0
cddc460b-dd79-40bb-a1c8-b79bf727cc0c,40.0,Female,South Matthew,Medium,2022-03-06,1,381.37,0,1,1.0,0
ce17823d-388c-4b95-a747-f24fdef0ebe8,21.0,Female,Nataliemouth,Unknown,2020-09-18,1,789.3,0,1,1.0,0
ce2ece8f-91c3-420a-9d80-8b1f5051dc77,40.0,Female,Mccoyville,High,2023-01-24,2,808.3,0,2,1.0,0
ce3f403f-b955-4364-ae22-bf351381e01f,40.0,Female,Camposmouth,Medium,2021-09-03,2,1212.76,0,2,1.0,0
ce5437b0-66af-47b2-aa68-423d3b15685d,46.0,Female,Stuartstad,Low,2021-07-05,1,31.21,0,1,1.0,0
ce5cf079-859b-43fa-9609-c6bb7e12c6b7,45.0,Female,Adrianhaven,Low,2024-01-10,6,2851.12,0,6,1.0,0
ce88db51-39aa-4149-8ee6-d6063d12768f,39.0,Male,Lake Jennifer,Low,2022-07-14,1,187.32,0,1,1.0,0
ceaa7320-d177-4067-9582-3811c3929178,52.0,Male,Lake Philipland,Low,2023-11-22,1,449.57,0,1,1.0,0
cf0aabaf-a877-44a6-b3f7-92f1f6353e6e,32.0,Male,West Justin,High,2023-07-16,2,1187.22,0,2,1.0,0
cf50d018-07b4-4e98-89ac-090099a0fedd,57.0,Male,East Lynn,Low,2020-08-10,1,634.46,0,1,1.0,0
cf93db25-321f-4148-805b-662d6258ddb3,18.0,Male,North Erikton,High,2024-04-07,6,2519.94,0,6,1.0,0
cfd54725-4901-4a70-862f-2da2113346cd,34.0,Female,Danielfurt,High,2022-06-09,3,470.79,0,3,1.0,0
d03df71d-b02e-4c1e-a2cc-79ebb353b530,60.0,Male,Jameston,High,2023-07-20,1,525.96,0,1,1.0,0
d0874909-2b8a-4921-bec7-610d9452b113,38.0,Female,Brianshire,High,2021-01-01,4,3953.32,0,4,1.0,0
d1604f83-72bc-4c5a-b280-e213dfec9cb5,49.0,Female,Millerville,High,2022-06-03,4,1136.3600000000001,0,4,1.0,0
d160e8f2-113e-4e69-928c-b6303f391203,55.0,Male,New Tammymouth,Low,2023-06-14,2,1071.175,0,2,1.0,0
d1819fe7-bcfe-433e-9f59-83aa549cc779,63.0,Male,Penaville,High,2020-03-02,2,1350.82,0,2,1.0,0
d18cda69-56ba-45a8-b3fe-ff52f040377a,63.0,Male,North Katherine,Low,2021-10-22,2,946.24,0,2,1.0,0
d1c17e57-cbb9-4dc8-b638-ba2f1b1a8cef,24.0,Male,Charlesville,High,2021-03-29,3,1227.84,0,3,1.0,0
d1c847af-df39-48d3-ad49-9cb659e3638a,20.0,Male,New Michael,High,2024-05-13,6,4323.27,0,6,1.0,0
d2039527-a85b-4404-9238-91ebb6e0ec94,45.0,Female,Jaclynmouth,Medium,2020-01-06,1,705.7,0,1,1.0,0
d2cb1c6b-e8e4-43da-851e-0629ff5bd2f1,19.0,Male,Jenningston,Low,2022-03-11,1,847.26,0,1,1.0,0
d2e3d880-ad46-4673-a37b-53e0a6c436bf,34.0,Male,Brownview,Low,2021-10-07,2,737.06,0,2,1.0,0
d2e46fdd-70eb-46dc-8d2b-f23bed09742d,69.0,Female,New Matthewstad,Low,2021-07-04,3,2066.13,0,3,1.0,0
d2ed05d6-7d58-4b3a-b9d8-4916af54bc85,31.0,Female,East Michael,Unknown,2021-02-13,1,716.6,0,1,1.0,0
d2f2a30a-dc1d-40ba-aca3-8fe7615f7b01,45.0,Male,Brandifurt,High,2024-01-22,4,3725.94,0,4,1.0,0
d351a939-0f64-41bb-91d3-5a90b091c928,55.0,Male,North Ericfurt,Low,2022-04-05,2,538.28,0,2,1.0,0
d386662a-c1e2-4d7b-b6fc-ac6a9fbe4850,23.0,Male,North Jennifer,Low,2024-04-21,1,668.15,0,1,1.0,0
d3b2f0c4-722a-4b0c-bdcb-19a8cbc80193,45.0,Female,Cobbborough,Low,2019-12-31,1,759.47,0,1,1.0,0
d3b37301-dfba-4182-a0be-1da6f2186393,47.0,Female,New Marcusburgh,High,2023-01-12,2,13.43,0,2,1.0,0
d407a32a-9402-4cb6-9cb3-8200a608566f,54.0,Male,South Timothy,Low,2019-10-07,1,113.62,0,1,1.0,0
d45f2c3e-51ee-4f18-b761-b61a73fb8306,62.0,Male,New Chad,Unknown,2023-01-21,2,1850.9,0,2,1.0,0
d499e291-a5a7-4b2e-9a89-99c0a49da18a,51.0,Male,East Micheleview,Unknown,2022-07-29,1,369.38,0,1,1.0,0
d4cb7a18-92f4-4a0d-96f5-584e0c1cab53,28.0,Female,West Noahland,Medium,2022-05-31,2,458.24,0,2,1.0,0
d4d508a7-1fe5-4321-b314-bda3ddb3cdda,32.0,Female,Turnerland,Low,2019-12-10,1,663.63,0,1,1.0,0
d59cf513-ec9c-40e3-919c-57e7893b0ae6,61.0,Female,Townsendfurt,Low,2021-10-03,3,1402.02,0,3,1.0,0
d5f8626d-9470-4900-81e4-c8c43e132d05,38.0,Female,South Derrickville,Medium,2023-08-25,1,304.24,0,1,1.0,0
d64b0c8d-1831-4b29-baa2-08c4d5c3a0f9,25.0,Female,Brittneychester,High,2020-02-15,4,1479.605,0,4,1.0,0
d6d22cf1-649a-4b97-9a9b-8ebc1ebe89c9,34.0,Female,Wilkersonbury,High,2023-07-10,2,587.94,0,2,1.0,0
d6fa22e0-95a7-4968-9527-41ebf73c7764,43.0,Female,Eduardostad,Low,2021-10-14,3,1861.5900000000001,0,3,1.0,0
d6fe4961-6886-49c3-b6be-07bab52aa19f,51.0,Male,Jenniferview,Low,2020-04-16,2,426.81,0,2,1.0,0
d73b85a1-9eaf-4141-ab97-d98e418cd938,51.0,Male,Freychester,High,2024-01-20,2,1917.12,0,2,1.0,0
d74439c1-90e1-4a46-951e-89fe6e092b9f,70.0,Female,North Anthony,High,2024-01-29,2,1558.64,0,2,1.0,0
d7960ed9-0372-4cb8-ba98-9cf4d88bca25,24.0,Female,Michaelside,Low,2023-04-18,1,403.36,0,1,1.0,0
d8128163-77f8-4389-b4d4-2afff0e05e7a,69.0,Female,Johnville,Medium,2021-09-03,9,1402.53,0,9,1.0,0
d83178cf-653d-435c-a7e8-880361dec6e7,47.0,Male,Brittneyville,Low,2020-01-25,2,1158.08,0,2,1.0,0
d8a36267-ed6b-4880-a1d6-2c33c5e77271,57.0,Male,Melissamouth,Medium,2021-06-07,1,531.56,0,1,1.0,0
d8a93878-8a64-48b1-9099-65b5695c42c2,45.0,Male,Emilyside,Low,2021-02-13,6,4225.12,0,6,1.0,0
d8fc115f-73be-487b-bdae-921eee1052bb,49.0,Female,Ashleyport,High,2024-02-02,3,475.38,0,3,1.0,0
d9896b49-19bb-450e-962c-05e2b4e8443f,52.0,Female,Joshuaview,High,2020-04-28,1,23.98,0,1,1.0,0
d98a5116-3836-43d6-bb54-ffef96f9fd00,42.0,Male,New Alex,Low,2023-05-29,9,3557.82,0,9,1.0,0
d9ebf03c-6e01-4a50-9db9-58681d604dc0,61.0,Female,Maddoxfort,Medium,2024-01-23,2,993.25,0,2,1.0,0
da355e21-5fb0-4778-839f-50853e76b07b,32.0,Female,Grantfort,Unknown,2022-09-15,1,82.72,0,1,1.0,0
dad30372-5fe9-40fb-a895-b85af25c2f3c,53.0,Female,North Davidfort,Low,2021-09-06,2,1858.64,0,2,1.0,0
db18bd1b-8476-4835-81ac-5328b72d473f,63.0,Female,South David,Medium,2020-02-24,2,1364.4850000000001,0,2,1.0,0
db354959-55a3-4dbd-aa69-2c0885adb268,45.0,Female,Youngville,Medium,2021-01-27,1,278.23,0,1,1.0,0
db9c2206-4487-47e9-8fb0-0ddc81b7310c,45.0,Male,Stacyshire,Medium,2019-12-25,1,134.67,0,1,1.0,0
dd1f3738-50b7-49a3-b369-8944f15ecba0,70.0,Male,Gonzalezhaven,High,2022-09-03,2,998.26,0,2,1.0,0
dd2a43cd-bfed-48e5-80c7-a27d7991a6ae,46.0,Female,Marystad,Medium,2022-01-28,3,2010.73,0,3,1.0,0
dd4e5e8e-d439-498e-bea6-54340350e5b8,33.0,Male,New Tonya,High,2023-12-18,1,883.46,0,1,1.0,0
dd68aaa6-d50a-4b2f-be13-0331ceae7708,53.0,Male,Pamfort,High,2022-11-03,6,4611.150000000001,0,6,1.0,0
de1c2a79-7a56-4c28-aa2c-bb92b255b031,62.0,Female,South Robertport,Medium,2022-12-20,2,650.4449999999999,0,2,1.0,0
de765812-6f23-4059-94db-2805a34f44fd,28.0,Female,North John,High,2022-02-22,2,683.38,0,2,1.0,0
decfbb11-2324-4a91-b4a4-da3011046f88,23.0,Male,Port Amyfurt,Low,2021-06-19,2,261.06,0,2,1.0,0
df8efbc2-afb8-4036-b764-ec5d26891ca3,67.0,Male,North Karen,Medium,2024-02-23,2,1941.18,0,2,1.0,0
dff72d74-6b17-4e1e-a904-6b8823b94a06,41.0,Male,East Ryan,High,2021-04-14,2,609.6899999999999,0,2,1.0,0
e06f0e16-8e48-483b-b103-9f105b139ca8,68.0,Female,New Katherine,Low,2024-01-25,4,2238.5699999999997,0,4,1.0,0
e12639d6-eeae-4436-a618-8e4b37aa16ac,66.0,Male,Kevinside,Low,2021-12-31,1,708.14,0,1,1.0,0
e173b550-09e9-4e41-a7a6-ed62238a5435,45.0,Male,Seanburgh,High,2024-03-11,2,993.25,0,2,1.0,0
e1787f8a-3681-477f-92bc-c76f56f14bc3,30.0,Male,West Christine,Medium,2020-03-01,2,1835.8,0,2,1.0,0
e1dabc47-5b6e-4e64-ae9d-b3e092a066ed,52.0,Female,Sandratown,High,2022-11-28,4,2571.51,0,4,1.0,0
e1f9dff8-fef5-49c4-b14b-c31bc3d61cc6,45.0,Male,Christopherbury,Medium,2024-04-20,2,1216.95,0,2,1.0,0
e1fe4676-3d06-44d7-8aab-18f8330f8359,45.0,Female,Lindsaychester,Low,2024-06-14,1,462.19,0,1,1.0,0
e2114d58-4f01-483d-84fe-cd9601cc8be9,21.0,Male,Lake Kimberlyport,Medium,2022-05-31,6,1486.44,0,6,1.0,0
e227d514-7382-422e-adf1-fbf694f7c0d5,32.0,Female,Jennyborough,Medium,2022-03-08,2,746.42,0,2,1.0,0
e29c9045-3b53-479e-b8f7-4e9da6afc6a2,53.0,Male,South Jamesburgh,High,2019-09-25,3,1843.38,0,3,1.0,0
e2b61ce8-65cb-437f-a370-4feef6395a80,63.0,Male,South Tanner,High,2022-11-12,1,496.625,0,1,1.0,0
e2fa338d-8332-4ab3-a739-da2eba2f70a0,18.0,Male,East Latashaside,High,2024-03-22,1,422.13,0,1,1.0,0
e3589ba8-b8bb-419d-91b1-2f1196118c68,28.0,Female,Jonesshire,Medium,2020-06-14,2,662.0699999999999,0,2,1.0,0
e428f752-7388-44dd-8461-13f18101a835,67.0,Female,Wrightside,Medium,2020-04-09,2,1691.42,0,2,1.0,0
e42f4991-d951-4403-985c-c5633581c34c,24.0,Male,West Sarahmouth,Low,2019-10-01,1,666.09,0,1,1.0,0
e4785a5c-a70a-4db0-98d5-1d76175c4a94,66.0,Female,Christopherport,Low,2021-07-01,4,2744.8599999999997,0,4,1.0,0
e492b3f7-f74b-4ac1-9d04-2cfc9d9afc43,25.0,Male,West Jessica,Medium,2019-12-16,4,815.4000000000001,0,4,1.0,0
e4e86de7-3972-407e-9a7d-66b34a347463,45.0,Female,Pughstad,Medium,2020-11-06,1,496.625,0,1,1.0,0
e4f5c19b-60e0-4e10-9735-88d05adf0667,67.0,Male,Melissaborough,Low,2023-06-16,2,1647.16,0,2,1.0,0
e5be0323-763b-4ce3-a575-f58313b295d5,59.0,Female,Trevinoshire,High,2024-05-04,2,1113.3899999999999,0,2,1.0,0
e6905fa6-1d8c-4a97-bf98-587d6ab42f3a,62.0,Female,West Bryan,High,2021-09-16,2,1570.52,0,2,1.0,0
e6f4ae74-d58d-4770-8ebc-89c1f8778a6d,37.0,Male,Lake Joanville,Medium,2023-02-02,1,375.75,0,1,1.0,0
e76d99b7-f95c-416f-8d4e-5fe436a6414c,64.0,Female,South Angelaburgh,Medium,2020-05-01,3,1288.27,0,3,1.0,0
e793093a-6f6d-41c2-afd5-d0b6bb69aa99,44.0,Male,South Sally,Low,2021-11-03,4,2452.98,0,4,1.0,0
e7c7f991-9b89-485f-b2e1-216ac5c661a0,45.0,Female,Savagestad,Low,2021-01-11,3,1896.775,1,3,1.0,0
e7fbdcd7-aac5-4a3c-abeb-672f410dfc99,60.0,Male,East Christophermouth,High,2019-10-28,1,421.68,0,1,1.0,0
e8236c55-bd04-44e1-a12c-e3b4bb747ec3,45.0,Male,Lake Ryanstad,High,2022-03-12,1,443.92,0,1,1.0,0
e84f46dc-1d0e-4031-a4f6-2a6f46514fa6,49.0,Male,Samuelshire,Medium,2023-09-02,2,1226.605,0,2,1.0,0
e850f663-3f65-4e57-b1ed-11669623b192,19.0,Female,North Steven,Medium,2020-05-02,1,543.15,0,1,1.0,0
e8621a96-7c59-4079-88b1-b6ebd790f1b6,62.0,Male,Christinatown,Unknown,2022-03-03,2,891.32,0,2,1.0,0
e8960cfa-6e94-4260-8a99-74188b90a1fa,44.0,Female,Sandraview,High,2019-10-06,4,1149.24,0,4,1.0,0
e8a5fdb8-fcd9-450c-9635-e376266c8bcf,48.0,Female,Robinburgh,High,2024-06-08,12,6118.04,0,12,1.0,0
e8b4797e-90c9-4e6c-a859-c57df6254514,25.0,Female,Aguilarstad,Low,2023-06-04,1,986.7,0,1,1.0,0
e8cbd1fc-5d2d-472a-8c68-8283bb58c8ae,26.0,Male,Latoyaville,Low,2019-12-23,1,93.86,0,1,1.0,0
e8d8dccc-96b4-4451-ac1b-c4de6d18c3dd,34.0,Female,Martinstad,Medium,2022-01-31,1,891.74,0,1,1.0,0
e8de7d84-5ca6-40a2-8b3f-27cda500b8d9,36.0,Female,Dianahaven,High,2020-04-17,1,10.9,0,1,1.0,0
e9c58327-25a1-4148-8c41-f0f37fc0c75d,45.0,Female,Port Brittany,Unknown,2019-12-06,3,1516.85,0,3,1.0,0
e9cae5d3-0e6e-4f3d-95db-26bb00753913,45.0,Female,Marissatown,Medium,2021-10-16,1,228.48,0,1,1.0,0
ea1d9b0e-9f4a-4105-aa9c-14308856de89,49.0,Female,West Virginiahaven,Low,2020-09-18,2,1191.8,0,2,1.0,0
ea2b290a-2a6a-4b85-8122-6af4345c0503,23.0,Female,Smithfurt,Medium,2020-02-14,1,152.32,0,1,1.0,0
ea4f48c7-7862-4f92-9a6f-1c2778adfe56,49.0,Male,East Edward,Medium,2022-08-24,2,711.975,0,2,1.0,0
ea7308c9-73f0-4539-8139-b12ecad3575d,54.0,Female,Alexanderborough,Low,2022-10-11,1,550.02,0,1,1.0,0
ea8aa9a1-7a06-4c9d-be6d-e8f856d49e1f,57.0,Female,North Jenniferhaven,High,2021-05-09,2,0.0,0,2,1.0,0
ea9c6ace-9cbb-43fa-a98f-7825fcc7508e,18.0,Female,New Alexisshire,High,2023-12-06,3,1226.035,0,3,1.0,0
eaa372ee-4574-43db-adb8-8bb3e92226e1,45.0,Male,New Steve,Low,2021-06-30,1,511.36,0,1,1.0,0
eb263c61-e957-4ee6-92e0-b1fbb45b6412,38.0,Male,Lozanoview,High,2022-01-26,1,700.75,0,1,1.0,0
eb8bb3ce-e182-4a9c-8084-c55c738815e1,51.0,Male,West Pamela,Medium,2022-12-13,2,993.25,0,2,1.0,0
ebae3bd0-ff1e-43a5-856d-bc85eebf9057,36.0,Female,Amandaside,High,2023-07-28,2,993.25,0,2,1.0,0
ec42fc84-51a4-4f32-971a-132852d4fe36,45.0,Male,Michaelborough,Low,2022-04-23,3,1836.3400000000001,0,3,1.0,0
ec48d5a4-fb1d-4168-9fff-01a1780d555e,23.0,Female,Anthonyborough,Medium,2021-01-28,2,1059.1950000000002,0,2,1.0,0
ec5770ea-d47e-4872-8e74-3c77c1fe8b3c,38.0,Male,West Lisabury,Medium,2021-07-14,1,461.04,0,1,1.0,0
ec58ff99-ede4-4b51-8b0c-efdbb61275a7,34.0,Female,Port Kaylaland,Medium,2024-01-28,1,496.625,0,1,1.0,0
ecb9513f-fa9d-432c-996e-87fb80dc8827,54.0,Male,West Elizabethland,Medium,2024-06-03,1,496.625,0,1,1.0,0
ed46f0b3-870a-41c4-b2c2-6a47937d394e,34.0,Male,West Billy,High,2020-06-23,2,1102.45,0,2,1.0,0
ed5dc22d-7406-40bf-a647-e880e75bdbdd,52.0,Male,North Tyler,Unknown,2020-06-23,2,481.73,0,2,1.0,0
ed89b7fb-0b0a-4e28-b086-538479d7cd24,18.0,Female,Acevedofort,Medium,2021-11-02,9,5641.98,0,9,1.0,0
edbc4b21-e53a-4f7c-bf1f-7dc9f9557ca5,27.0,Female,Davidfort,High,2023-12-13,1,213.16,0,1,1.0,0
edc655e1-174f-455f-8ae3-f12ff758a281,45.0,Female,New Lonnie,Medium,2023-09-24,1,431.24,0,1,1.0,0
edd44c40-873f-4fbd-9ceb-8e9c59254485,69.0,Male,Lake Terri,High,2024-01-14,2,993.25,0,2,1.0,0
ee462937-e0c4-42bd-a4ef-7df8946ba9f7,27.0,Male,Sampsonburgh,High,2020-03-23,6,2360.52,0,6,1.0,0
ee802844-8070-4699-b60d-3568a7d306b6,66.0,Male,Wayneside,High,2022-06-14,3,1053.935,0,3,1.0,0
eeb74206-f6c8-4ebf-afa7-69d5bafd37fe,24.0,Male,Gomezstad,High,2020-01-20,1,109.37,0,1,1.0,0
eee4c0b3-21d6-47ae-8631-718341d97a86,45.0,Female,Patrickhaven,Unknown,2023-01-24,4,1595.32,0,4,1.0,0
eee8a7f8-1a5b-4c9f-947c-8511fa6a771d,45.0,Female,North Justinville,Low,2021-10-24,1,343.83,0,1,1.0,0
eeebfab7-8917-4eb2-a187-fae698d2978b,57.0,Female,Joannaville,Low,2023-11-17,12,7236.18,0,12,1.0,0
ef10b8a1-1014-4edf-a80e-207b7790e894,64.0,Female,Jamieview,High,2023-03-14,3,1489.875,0,3,1.0,0
ef43348f-ca24-4768-9ff8-49d61372c266,25.0,Male,Barnesmouth,Low,2019-10-08,1,971.58,0,1,1.0,0
efa73de0-f044-49ae-8118-c5607b420e4c,66.0,Male,Danielside,High,2021-01-19,2,1259.325,0,2,1.0,0
f01b204b-74d4-4c28-8f90-450dcd6b26da,46.0,Male,South Kelly,High,2022-04-12,2,1616.94,0,2,1.0,0
f05ec030-ac96-417d-a73c-e3ca3adc1a30,52.0,Male,North Baileyland,Medium,2019-08-06,2,505.4,0,2,1.0,0
f0b50780-920a-4030-b0ef-b9789bb689d3,45.0,Female,Javierside,Unknown,2020-11-03,1,529.7,0,1,1.0,0
f0c55dc8-d7f6-481d-8992-af3ce9453a51,70.0,Male,New George,High,2020-11-25,4,3708.64,0,4,1.0,0
f0d87968-72cf-4817-b871-c8812a52c570,47.0,Female,Natalietown,Unknown,2022-10-20,6,3458.81,1,6,1.0,0
f0ec8904-93cb-40bc-82cd-96ee6c34da9b,70.0,Female,Natashamouth,Low,2019-11-06,1,644.05,0,1,1.0,0
f0fa23f8-ad7a-407d-a63f-d4fba28cf6ac,34.0,Female,Thompsonview,High,2021-09-13,4,2396.28,0,4,1.0,0
f102f93b-f32c-41d3-adcc-25e02a67c34f,49.0,Female,Meganstad,High,2020-01-26,3,1523.925,0,3,1.0,0
f1f5c413-2160-4dac-97e1-be254637d804,45.0,Female,Joshuahaven,High,2021-07-24,2,817.4,0,2,1.0,0
f1f60fef-30b2-4856-b97b-11bbc63e7048,45.0,Female,North Brendastad,Medium,2024-04-08,2,881.5699999999999,0,2,1.0,0
f295375f-e649-4961-9cd1-6104411c00c8,70.0,Female,North Alicia,Low,2021-10-27,4,1990.8799999999999,0,4,1.0,0
f2993ee7-a515-46ec-84c4-115ce0e6ac44,28.0,Male,West Rogerfurt,Unknown,2022-05-02,1,437.55,0,1,1.0,0
f2ae0761-35fa-44a8-ac81-e607e89611ef,31.0,Male,Stevenfurt,Medium,2024-05-01,4,836.7,0,4,1.0,0
f2e3736b-2014-44ef-a28d-597330b00882,55.0,Male,Oliviashire,High,2020-06-25,2,993.25,0,2,1.0,0
f3521369-d217-432d-9364-289de51caa73,49.0,Female,West George,Medium,2022-07-06,1,851.36,0,1,1.0,0
f3606f64-3f9f-4758-bd59-c9424f0d8028,54.0,Female,Kruegerstad,Unknown,2022-07-06,4,1986.5,0,4,1.0,0
f381038c-b3ed-4561-84b1-0f60d4afb6c9,39.0,Male,New Diana,Unknown,2023-05-12,12,6757.96,0,12,1.0,0
f3c5ed90-b092-407b-b79d-de8893ed319d,28.0,Female,East Antonio,High,2020-08-12,2,994.98,0,2,1.0,0
f3f8dda4-749f-4890-b326-8d71bc938f73,30.0,Male,Andersonside,Medium,2022-02-24,1,151.49,0,1,1.0,0
f4274d3a-db95-4b02-b4cc-2b414f25d80d,46.0,Male,Annaport,Medium,2020-08-20,3,1521.24,0,3,1.0,0
f43422cc-a731-4574-a05d-9adf4dd4bea4,54.0,Female,Huberfurt,Low,2023-01-03,1,615.38,0,1,1.0,0
f447245d-7239-4808-974c-7fd358f61c2c,45.0,Male,North Tammyshire,Low,2023-11-12,4,1908.245,0,4,1.0,0
f4b519c5-250e-4834-a0c0-c10b1e3eecda,28.0,Female,Walkerberg,High,2021-12-09,1,481.33,0,1,1.0,0
f50cdd04-dc3c-4259-aa56-ffbb357e0731,66.0,Male,Justinview,Medium,2020-11-04,1,528.73,0,1,1.0,0
f5172879-62d2-429f-8170-e7b96906e7c8,51.0,Male,Nicoleside,Medium,2021-08-14,3,1489.875,0,3,1.0,0
f52901c8-b06c-447b-b7e1-ab94047c75c1,51.0,Female,New Jasonstad,Low,2022-04-11,1,611.8,0,1,1.0,0
f53ca52e-ad0e-49c5-84c4-25c8be29ceff,59.0,Male,Jenniferstad,Low,2020-04-08,2,95.96,0,2,1.0,0
f545e364-ba9c-49db-8eda-253569dbf0b7,49.0,Female,Lake Renee,Low,2021-12-19,1,654.91,0,1,1.0,0
f5713ff7-0bcc-41c1-a71b-ac9113ac43a9,54.0,Male,Cooperstad,Low,2023-10-03,2,768.04,0,2,1.0,0
f5b15ef5-1301-4e8f-b2c8-9f7bcef998d8,49.0,Female,Walkerland,Low,2024-03-16,3,1197.82,0,3,1.0,0
f603932e-b69c-434a-a986-e317ac9bc0fc,67.0,Female,Hillhaven,Unknown,2022-03-12,1,633.06,0,1,1.0,0
f65c5f30-f126-4e6c-88d4-1883d0da87c1,57.0,Male,Lake Jose,Medium,2020-06-28,1,773.39,0,1,1.0,0
f6bbcdaa-e3ec-489a-9d20-b2599f57323e,26.0,Female,Hollandborough,Low,2022-05-12,9,6136.71,0,9,1.0,0
f6cab49a-a8b5-42a8-92be-42e200212268,28.0,Female,New Stanley,High,2024-02-12,3,671.33,0,3,1.0,0
f6db05bc-e9ff-454c-983c-fc4a7fd13323,43.0,Male,Port Carrie,Unknown,2024-06-24,3,1493.83,0,3,1.0,0
f6f7400a-0aa5-47dc-bc5a-af3e38d00f30,23.0,Male,Lake Richard,High,2019-10-30,2,689.8000000000001,0,2,1.0,0
f71e72b6-e451-42da-a1d5-6ef629c553f8,31.0,Female,Leeton,Low,2021-06-09,4,466.44,0,4,1.0,0
f770e561-feaf-49f5-8a33-7dae0e80cb43,35.0,Male,Scottton,Low,2020-12-19,2,577.6949999999999,0,2,1.0,0
f77576df-bc7a-4f79-b5c3-e2da4eff130e,50.0,Female,North Jasonview,High,2023-03-08,2,975.28,0,2,1.0,0
f808e889-308c-4356-a639-281ef3820b50,65.0,Male,South Connor,Unknown,2021-04-22,4,543.7,0,4,1.0,0
f8146100-569d-4cda-9d64-88c6ad98de5f,21.0,Female,South Davidtown,Medium,2021-08-29,2,679.3,0,2,1.0,0
f843cc6e-c50f-439c-a21d-041b211c07a9,18.0,Female,Hallfort,Unknown,2023-07-17,2,753.515,0,2,1.0,0
f84dbd5b-2a2a-43b9-95e7-79d4c354cf81,64.0,Male,North Kari,Low,2022-11-05,1,915.54,0,1,1.0,0
f8573ea3-e775-4d36-8b8a-a4ba6a539eab,64.0,Male,Port Nicoleville,Medium,2021-08-01,2,696.565,0,2,1.0,0
f8c0198a-5f47-4bbf-b9e4-e8a4dbf4380c,62.0,Male,Jessicamouth,Low,2020-08-07,1,62.83,0,1,1.0,0
f95546c1-e96f-486a-ab84-ebb048198b4e,56.0,Female,Lake Alecview,Medium,2022-12-01,1,630.57,0,1,1.0,0
f969ee04-7064-470e-8e2f-b4ed0fc6d140,54.0,Male,Mendozahaven,Medium,2021-07-01,1,733.13,0,1,1.0,0
f98e8c9e-20c4-4410-b99b-f3ae2938e950,45.0,Male,Morrisonberg,High,2024-03-23,2,1674.64,0,2,1.0,0
f9a95810-d0b9-4606-baac-d7240340b329,29.0,Female,Youngchester,High,2024-02-28,1,126.74,0,1,1.0,0
f9ab3c05-425f-4739-8e23-5197e518e250,33.0,Female,Andrewville,Medium,2023-02-18,2,909.0,0,2,1.0,0
f9cb178a-b717-4782-91ce-20564e98ee81,23.0,Female,Glendaberg,Medium,2023-03-19,2,1916.92,0,2,1.0,0
fa4c97fc-4a9f-4857-969e-ea9528b2792e,57.0,Male,East Michaelchester,Unknown,2022-02-27,4,2928.4700000000003,0,4,1.0,0
fa51f8d8-92c4-4b55-b33d-dc7f1eae4792,27.0,Female,Calebstad,High,2019-07-06,1,981.01,0,1,1.0,0
fa6fd647-df0a-4c45-a6c3-d6354d7249b6,51.0,Male,Charlotteland,Medium,2022-10-19,2,1581.12,0,2,1.0,0
faa7e23f-e0c8-4181-b8a5-f1eeb8fa2000,18.0,Male,Ballstad,High,2022-10-15,1,955.82,0,1,1.0,0
faf73ad2-9d18-40fa-943b-69efe9d685a8,52.0,Male,Port Michael,Medium,2020-03-16,1,623.02,0,1,1.0,0
fb54e89f-87cc-4b19-9c19-9488273a3a69,31.0,Male,Lake Stephaniemouth,High,2023-11-01,1,593.23,0,1,1.0,0
fc9f91cc-00f1-4ffa-8016-878c069f3a1b,25.0,Female,Kathleenshire,Medium,2019-10-08,10,7359.65,0,10,1.0,0
fca77c16-5fd3-495f-bb00-a5c961504e5a,70.0,Male,New Jenniferview,High,2023-02-27,1,429.2,0,1,1.0,0
fcb31c19-064e-4e81-b69f-16e8d8f3e737,18.0,Female,Edwardview,Unknown,2021-09-16,3,76.65,0,3,1.0,0
fd089f90-297f-4c91-82e6-34a4937ecddc,45.0,Female,Howardville,Medium,2021-09-23,1,496.625,0,1,1.0,0
fd63f236-3ec3-401d-9fa1-53bda0bd7c0e,45.0,Male,Thomasbury,Low,2021-05-29,1,31.09,0,1,1.0,0
fd67f70a-c429-4aa9-9289-04ced4c80b54,18.0,Male,Gilberttown,Low,2020-08-20,1,433.94,0,1,1.0,0
fd8b7c0b-06c7-43cf-9e1a-7094f5920ed9,42.0,Male,Kristinemouth,Medium,2019-09-24,6,1610.085,0,6,1.0,0
fdb81781-8071-4364-b074-dacc53de5284,26.0,Female,Olsonton,Low,2020-06-25,3,827.03,0,3,1.0,0
fe12cf9d-7da0-4ef0-a48a-bc3cff545790,36.0,Male,Thomashaven,Medium,2019-10-13,2,770.8599999999999,0,2,1.0,0
fe4eace1-a485-45b5-827f-d8a3dfe9d92d,20.0,Female,Lake Laurenville,Unknown,2019-10-15,3,2178.87,0,3,1.0,0
fe652a6b-df5d-4a14-99e1-3d1bc3d4aba9,45.0,Male,North Angela,High,2023-09-01,6,4282.5599999999995,0,6,1.0,0
ff3f41ad-9dba-4ce4-97fb-022a275ed0d8,25.0,Male,North Eugene,Low,2020-09-29,2,1153.03,0,2,1.0,0
ff6d25c2-baeb-46ab-8ce4-4c39bde83c5a,45.0,Male,Port Elizabeth,Medium,2024-05-15,2,1829.96,0,2,1.0,0
